qseqid	sseqid	ppos
337042.VE5_HPV18	10359.VIE1_HCMVM	66.67
337042.VE5_HPV18	9606.ENSP00000219406	42.86
337042.VE5_HPV18	9606.ENSP00000227752	47.17
337042.VE5_HPV18	9606.ENSP00000264639	66.67
337042.VE5_HPV18	9606.ENSP00000264657	51.85
337042.VE5_HPV18	9606.ENSP00000276297	66.67
337042.VE5_HPV18	9606.ENSP00000393183	52.38
337042.VE6_HPV18	10359.ICP27_HCMVM	62.5
337042.VE6_HPV18	9606.ENSP00000345731	68.75
337042.VE6_HPV18	9606.ENSP00000347733	50.0
337042.VE6_HPV18	9606.ENSP00000365025	39.24
337042.VE6_HPV18	9606.ENSP00000429084	51.85
337042.VE7_HPV18	10359.UL35_HCMVM	50.0
337042.VE7_HPV18	9606.ENSP00000301071	43.59
337042.VE7_HPV18	9606.ENSP00000313007	56.52
337042.VE7_HPV18	9606.ENSP00000318297	56.52
337042.VE7_HPV18	9606.ENSP00000358696	75.0
337042.VE7_HPV18	9606.ENSP00000378350	100.0
337042.VE7_HPV18	9606.ENSP00000404833	45.83
337042.VE7_HPV18	9606.ENSP00000408108	48.28
9606.ENSP00000010404	9606.ENSP00000227752	51.61
9606.ENSP00000010404	9606.ENSP00000310129	51.32
9606.ENSP00000016171	9606.ENSP00000219406	42.11
9606.ENSP00000016171	9606.ENSP00000310129	51.06
9606.ENSP00000016171	9606.ENSP00000317232	66.67
9606.ENSP00000016171	9606.ENSP00000394394	62.5
9606.ENSP00000044462	9606.ENSP00000216455	51.16
9606.ENSP00000044462	9606.ENSP00000270586	44.32
9606.ENSP00000044462	9606.ENSP00000345216	70.83
9606.ENSP00000044462	9606.ENSP00000348349	40.98
9606.ENSP00000044462	9606.ENSP00000361927	60.0
9606.ENSP00000044462	9606.ENSP00000374212	71.43
9606.ENSP00000157812	9606.ENSP00000157812	100.0
9606.ENSP00000157812	9606.ENSP00000311997	44.83
9606.ENSP00000157812	9606.ENSP00000318297	52.31
9606.ENSP00000157812	9606.ENSP00000347733	62.79
9606.ENSP00000157812	9606.ENSP00000348349	46.51
9606.ENSP00000157812	9606.ENSP00000368030	48.3
9606.ENSP00000157812	9606.ENSP00000401802	64.46
9606.ENSP00000157812	9606.ENSP00000434614	41.3
9606.ENSP00000157812	9606.ENSP00000473172	50.0
9606.ENSP00000158771	9606.ENSP00000259512	52.5
9606.ENSP00000158771	9606.ENSP00000313007	53.57
9606.ENSP00000162044	9606.ENSP00000348349	52.78
9606.ENSP00000162044	9606.ENSP00000357113	47.37
9606.ENSP00000162044	9606.ENSP00000362824	38.36
9606.ENSP00000162044	9606.ENSP00000404833	45.45
9606.ENSP00000175091	10359.PP71_HCMVM	53.45
9606.ENSP00000175091	9606.ENSP00000261667	70.0
9606.ENSP00000175091	9606.ENSP00000262213	43.9
9606.ENSP00000175091	9606.ENSP00000343701	46.15
9606.ENSP00000175091	9606.ENSP00000364578	57.89
9606.ENSP00000175091	9606.ENSP00000374212	51.02
9606.ENSP00000175091	9606.ENSP00000378350	56.0
9606.ENSP00000175091	9606.ENSP00000434614	62.5
9606.ENSP00000215071	9606.ENSP00000374212	53.85
9606.ENSP00000215567	9606.ENSP00000301764	70.0
9606.ENSP00000215567	9606.ENSP00000345216	69.23
9606.ENSP00000215567	9606.ENSP00000371341	40.26
9606.ENSP00000216500	9606.ENSP00000264657	65.38
9606.ENSP00000216500	9606.ENSP00000290349	52.41
9606.ENSP00000216500	9606.ENSP00000362824	78.57
9606.ENSP00000217446	10359.UL97_HCMVM	35.09
9606.ENSP00000217446	9606.ENSP00000268058	73.33
9606.ENSP00000217446	9606.ENSP00000310129	50.0
9606.ENSP00000217446	9606.ENSP00000347733	40.66
9606.ENSP00000217446	9606.ENSP00000358696	55.88
9606.ENSP00000217456	9606.ENSP00000216455	60.71
9606.ENSP00000217456	9606.ENSP00000301764	40.51
9606.ENSP00000217456	9606.ENSP00000310129	50.0
9606.ENSP00000217456	9606.ENSP00000404833	44.9
9606.ENSP00000217971	10359.US11_HCMVM	55.56
9606.ENSP00000217971	9606.ENSP00000286091	44.44
9606.ENSP00000217971	9606.ENSP00000310129	52.73
9606.ENSP00000217971	9606.ENSP00000337853	50.0
9606.ENSP00000217971	9606.ENSP00000339001	48.48
9606.ENSP00000217971	9606.ENSP00000347733	46.34
9606.ENSP00000217971	9606.ENSP00000361202	63.64
9606.ENSP00000217971	9606.ENSP00000363998	52.38
9606.ENSP00000217971	9606.ENSP00000374212	45.45
9606.ENSP00000218104	9606.ENSP00000157812	78.57
9606.ENSP00000218104	9606.ENSP00000276297	61.9
9606.ENSP00000218104	9606.ENSP00000371341	45.1
9606.ENSP00000218104	9606.ENSP00000376176	58.33
9606.ENSP00000219313	9606.ENSP00000301764	59.26
9606.ENSP00000219313	9606.ENSP00000310129	63.16
9606.ENSP00000219313	9606.ENSP00000374212	54.55
9606.ENSP00000219313	9606.ENSP00000393183	55.56
9606.ENSP00000219700	9606.ENSP00000242577	56.52
9606.ENSP00000219700	9606.ENSP00000310129	64.71
9606.ENSP00000219700	9606.ENSP00000345731	50.0
9606.ENSP00000219700	9606.ENSP00000347733	70.0
9606.ENSP00000219700	9606.ENSP00000362824	53.66
9606.ENSP00000219700	9606.ENSP00000371003	47.69
9606.ENSP00000219789	10359.PP71_HCMVM	39.13
9606.ENSP00000219789	10359.UL35_HCMVM	56.52
9606.ENSP00000219789	10359.UL97_HCMVM	40.91
9606.ENSP00000219789	9606.ENSP00000286091	63.16
9606.ENSP00000219789	9606.ENSP00000303992	51.52
9606.ENSP00000220772	9606.ENSP00000264657	70.59
9606.ENSP00000220772	9606.ENSP00000300291	66.67
9606.ENSP00000220772	9606.ENSP00000345216	51.72
9606.ENSP00000220772	9606.ENSP00000352928	70.59
9606.ENSP00000220772	9606.ENSP00000429084	62.96
9606.ENSP00000220853	9606.ENSP00000231524	51.85
9606.ENSP00000220853	9606.ENSP00000262213	63.64
9606.ENSP00000220853	9606.ENSP00000303992	65.22
9606.ENSP00000220853	9606.ENSP00000313007	44.12
9606.ENSP00000220853	9606.ENSP00000347733	45.9
9606.ENSP00000220853	9606.ENSP00000362824	44.13
9606.ENSP00000220853	9606.ENSP00000378350	45.31
9606.ENSP00000220853	9606.ENSP00000387286	68.18
9606.ENSP00000220853	9606.ENSP00000420357	56.0
9606.ENSP00000220853	9606.ENSP00000434614	37.93
9606.ENSP00000221957	10359.PP65_HCMVM	55.88
9606.ENSP00000221957	10359.VIE1_HCMVM	47.06
9606.ENSP00000221957	9606.ENSP00000231524	41.49
9606.ENSP00000221957	9606.ENSP00000343023	52.38
9606.ENSP00000221957	9606.ENSP00000343535	53.85
9606.ENSP00000221957	9606.ENSP00000369538	53.85
9606.ENSP00000221957	9606.ENSP00000371341	65.0
9606.ENSP00000221957	9606.ENSP00000394394	46.67
9606.ENSP00000222308	10359.UL42_HCMVM	52.38
9606.ENSP00000222308	9606.ENSP00000264639	55.56
9606.ENSP00000222308	9606.ENSP00000267163	52.78
9606.ENSP00000222308	9606.ENSP00000276297	58.82
9606.ENSP00000222308	9606.ENSP00000317232	43.48
9606.ENSP00000222308	9606.ENSP00000348349	47.83
9606.ENSP00000222308	9606.ENSP00000358696	55.26
9606.ENSP00000222308	9606.ENSP00000361202	51.52
9606.ENSP00000222308	9606.ENSP00000362824	54.76
9606.ENSP00000222308	9606.ENSP00000394394	71.43
9606.ENSP00000222572	10359.UL144_HCMVM	50.0
9606.ENSP00000222572	9606.ENSP00000310129	58.62
9606.ENSP00000222572	9606.ENSP00000318297	53.57
9606.ENSP00000222572	9606.ENSP00000408108	57.58
9606.ENSP00000223641	9606.ENSP00000240343	43.33
9606.ENSP00000223641	9606.ENSP00000242577	48.15
9606.ENSP00000223641	9606.ENSP00000276297	40.0
9606.ENSP00000224807	9606.ENSP00000376176	85.71
9606.ENSP00000227471	9606.ENSP00000216455	38.81
9606.ENSP00000227471	9606.ENSP00000229239	51.43
9606.ENSP00000227471	9606.ENSP00000310129	52.38
9606.ENSP00000227471	9606.ENSP00000394394	46.81
9606.ENSP00000227471	9606.ENSP00000429084	47.5
9606.ENSP00000227525	10359.IL10H_HCMVM	35.85
9606.ENSP00000227525	10359.UNG_HCMVM	56.52
9606.ENSP00000227525	9606.ENSP00000219406	51.72
9606.ENSP00000227525	9606.ENSP00000276297	58.62
9606.ENSP00000227525	9606.ENSP00000310129	51.72
9606.ENSP00000227525	9606.ENSP00000345216	48.39
9606.ENSP00000227525	9606.ENSP00000347733	42.19
9606.ENSP00000227525	9606.ENSP00000393183	73.68
9606.ENSP00000228506	9606.ENSP00000157812	53.12
9606.ENSP00000228506	9606.ENSP00000303992	56.67
9606.ENSP00000228506	9606.ENSP00000371003	48.0
9606.ENSP00000228506	9606.ENSP00000393183	46.88
9606.ENSP00000229314	9606.ENSP00000253792	53.57
9606.ENSP00000229314	9606.ENSP00000265866	46.67
9606.ENSP00000229314	9606.ENSP00000268058	46.43
9606.ENSP00000229314	9606.ENSP00000343535	62.5
9606.ENSP00000231004	9606.ENSP00000343023	41.86
9606.ENSP00000231004	9606.ENSP00000362824	46.43
9606.ENSP00000231004	9606.ENSP00000371341	57.14
9606.ENSP00000231004	9606.ENSP00000387286	55.56
9606.ENSP00000231004	9606.ENSP00000393183	63.16
9606.ENSP00000231004	9606.ENSP00000429084	52.17
9606.ENSP00000231512	10359.PP71_HCMVM	63.64
9606.ENSP00000231512	9606.ENSP00000219406	62.07
9606.ENSP00000231512	9606.ENSP00000261667	58.06
9606.ENSP00000231512	9606.ENSP00000372023	54.55
9606.ENSP00000231512	9606.ENSP00000394394	47.54
9606.ENSP00000233242	10359.US03_HCMVM	66.67
9606.ENSP00000233242	9606.ENSP00000263121	48.15
9606.ENSP00000233242	9606.ENSP00000301071	60.61
9606.ENSP00000233242	9606.ENSP00000301072	60.61
9606.ENSP00000233242	9606.ENSP00000332340	60.53
9606.ENSP00000233242	9606.ENSP00000347733	47.83
9606.ENSP00000233242	9606.ENSP00000362824	45.76
9606.ENSP00000233616	10359.UL144_HCMVM	48.84
9606.ENSP00000233616	9606.ENSP00000219406	72.73
9606.ENSP00000237530	9606.ENSP00000231524	47.73
9606.ENSP00000237530	9606.ENSP00000267163	48.53
9606.ENSP00000237530	9606.ENSP00000324173	57.14
9606.ENSP00000237530	9606.ENSP00000348349	65.22
9606.ENSP00000237530	9606.ENSP00000371341	52.63
9606.ENSP00000237530	9606.ENSP00000397552	46.0
9606.ENSP00000237596	9606.ENSP00000276297	55.56
9606.ENSP00000237596	9606.ENSP00000310129	67.57
9606.ENSP00000237596	9606.ENSP00000347733	52.94
9606.ENSP00000237596	9606.ENSP00000352928	56.0
9606.ENSP00000237596	9606.ENSP00000393183	54.24
9606.ENSP00000238831	10359.PP71_HCMVM	46.67
9606.ENSP00000238831	9606.ENSP00000231524	78.57
9606.ENSP00000238831	9606.ENSP00000343535	47.27
9606.ENSP00000238831	9606.ENSP00000371341	37.78
9606.ENSP00000238831	9606.ENSP00000429084	50.0
9606.ENSP00000239940	9606.ENSP00000347733	41.18
9606.ENSP00000239940	9606.ENSP00000358696	83.33
9606.ENSP00000239940	9606.ENSP00000408108	46.88
9606.ENSP00000243253	9606.ENSP00000264657	52.38
9606.ENSP00000243253	9606.ENSP00000345216	46.88
9606.ENSP00000245615	9606.ENSP00000228284	48.28
9606.ENSP00000247138	9606.ENSP00000216832	50.0
9606.ENSP00000247138	9606.ENSP00000358696	76.92
9606.ENSP00000247138	9606.ENSP00000361202	47.83
9606.ENSP00000247138	9606.ENSP00000363998	90.0
9606.ENSP00000247461	9606.ENSP00000219406	50.0
9606.ENSP00000247461	9606.ENSP00000261769	40.74
9606.ENSP00000247461	9606.ENSP00000301764	52.63
9606.ENSP00000247461	9606.ENSP00000310129	58.54
9606.ENSP00000247461	9606.ENSP00000344818	60.87
9606.ENSP00000247461	9606.ENSP00000345216	56.76
9606.ENSP00000247461	9606.ENSP00000347733	51.22
9606.ENSP00000247461	9606.ENSP00000348349	54.24
9606.ENSP00000247461	9606.ENSP00000371341	54.39
9606.ENSP00000247461	9606.ENSP00000401802	50.0
9606.ENSP00000247461	9606.ENSP00000429084	60.0
9606.ENSP00000247712	9606.ENSP00000371341	52.17
9606.ENSP00000250498	9606.ENSP00000264639	50.0
9606.ENSP00000250498	9606.ENSP00000343535	46.94
9606.ENSP00000250498	9606.ENSP00000387286	50.0
9606.ENSP00000251527	9606.ENSP00000348349	75.0
9606.ENSP00000251527	9606.ENSP00000361202	69.23
9606.ENSP00000251527	9606.ENSP00000363998	44.54
9606.ENSP00000251527	9606.ENSP00000374212	48.57
9606.ENSP00000256194	9606.ENSP00000253792	58.33
9606.ENSP00000256194	9606.ENSP00000270586	54.84
9606.ENSP00000256194	9606.ENSP00000393183	48.57
9606.ENSP00000256255	10359.PP65_HCMVM	50.0
9606.ENSP00000256255	9606.ENSP00000266000	52.17
9606.ENSP00000256255	9606.ENSP00000343023	41.82
9606.ENSP00000256255	9606.ENSP00000347733	64.29
9606.ENSP00000256255	9606.ENSP00000361202	45.65
9606.ENSP00000256255	9606.ENSP00000371341	52.63
9606.ENSP00000256255	9606.ENSP00000394394	42.11
9606.ENSP00000256255	9606.ENSP00000473172	54.17
9606.ENSP00000259963	9606.ENSP00000228284	40.54
9606.ENSP00000259963	9606.ENSP00000348349	43.9
9606.ENSP00000260385	10359.UL21A_HCMVM	59.26
9606.ENSP00000260385	9606.ENSP00000261769	42.37
9606.ENSP00000260385	9606.ENSP00000362824	66.67
9606.ENSP00000260385	9606.ENSP00000374212	68.42
9606.ENSP00000260385	9606.ENSP00000434614	42.86
9606.ENSP00000260643	9606.ENSP00000216832	57.14
9606.ENSP00000260643	9606.ENSP00000261769	66.67
9606.ENSP00000260643	9606.ENSP00000352928	45.71
9606.ENSP00000260643	9606.ENSP00000378350	40.0
9606.ENSP00000260643	9606.ENSP00000393183	53.33
9606.ENSP00000260643	9606.ENSP00000408108	38.46
9606.ENSP00000261038	10359.UL97_HCMVM	47.22
9606.ENSP00000261038	9606.ENSP00000347733	50.0
9606.ENSP00000261038	9606.ENSP00000434614	61.11
9606.ENSP00000261303	9606.ENSP00000157812	76.42
9606.ENSP00000261303	9606.ENSP00000318297	68.42
9606.ENSP00000261303	9606.ENSP00000347733	68.75
9606.ENSP00000261303	9606.ENSP00000348349	47.37
9606.ENSP00000261303	9606.ENSP00000368030	49.38
9606.ENSP00000261303	9606.ENSP00000401802	65.22
9606.ENSP00000261303	9606.ENSP00000434614	54.55
9606.ENSP00000261303	9606.ENSP00000473172	53.85
9606.ENSP00000261479	9606.ENSP00000216455	54.6
9606.ENSP00000261479	9606.ENSP00000324173	48.28
9606.ENSP00000261479	9606.ENSP00000371341	66.67
9606.ENSP00000261479	9606.ENSP00000397552	52.63
9606.ENSP00000261609	9606.ENSP00000231524	50.0
9606.ENSP00000261609	9606.ENSP00000261667	60.71
9606.ENSP00000261609	9606.ENSP00000310129	43.28
9606.ENSP00000261609	9606.ENSP00000357113	44.12
9606.ENSP00000261609	9606.ENSP00000363998	48.18
9606.ENSP00000261609	9606.ENSP00000429084	46.49
9606.ENSP00000261622	10359.UL97_HCMVM	55.88
9606.ENSP00000261622	9606.ENSP00000293362	42.86
9606.ENSP00000261622	9606.ENSP00000317232	45.0
9606.ENSP00000261712	9606.ENSP00000261667	51.79
9606.ENSP00000261712	9606.ENSP00000264639	44.23
9606.ENSP00000261712	9606.ENSP00000301764	64.71
9606.ENSP00000261712	9606.ENSP00000318297	58.33
9606.ENSP00000261712	9606.ENSP00000361927	50.0
9606.ENSP00000261712	9606.ENSP00000394394	58.62
9606.ENSP00000261739	9606.ENSP00000217244	44.3
9606.ENSP00000261739	9606.ENSP00000228284	62.96
9606.ENSP00000261739	9606.ENSP00000229239	43.86
9606.ENSP00000261739	9606.ENSP00000347733	65.52
9606.ENSP00000261739	9606.ENSP00000348349	65.22
9606.ENSP00000261739	9606.ENSP00000363998	62.96
9606.ENSP00000261739	9606.ENSP00000371003	46.0
9606.ENSP00000261740	9606.ENSP00000264657	54.84
9606.ENSP00000261740	9606.ENSP00000267163	36.84
9606.ENSP00000261740	9606.ENSP00000301764	47.76
9606.ENSP00000261740	9606.ENSP00000303992	71.43
9606.ENSP00000261740	9606.ENSP00000397552	54.55
9606.ENSP00000261789	9606.ENSP00000253792	60.0
9606.ENSP00000261789	9606.ENSP00000301072	48.15
9606.ENSP00000261789	9606.ENSP00000348349	60.71
9606.ENSP00000261875	10359.UL35_HCMVM	64.71
9606.ENSP00000261875	9606.ENSP00000228284	52.63
9606.ENSP00000261875	9606.ENSP00000345216	53.57
9606.ENSP00000261875	9606.ENSP00000358696	44.44
9606.ENSP00000261875	9606.ENSP00000371003	66.67
9606.ENSP00000261875	9606.ENSP00000429084	50.0
9606.ENSP00000261942	9606.ENSP00000347733	68.75
9606.ENSP00000261942	9606.ENSP00000348349	63.83
9606.ENSP00000261942	9606.ENSP00000357879	43.66
9606.ENSP00000261942	9606.ENSP00000368030	53.12
9606.ENSP00000261942	9606.ENSP00000371341	54.55
9606.ENSP00000262133	10359.ICP27_HCMVM	57.14
9606.ENSP00000262133	9606.ENSP00000264657	56.52
9606.ENSP00000262133	9606.ENSP00000267163	65.0
9606.ENSP00000262133	9606.ENSP00000337853	41.67
9606.ENSP00000262133	9606.ENSP00000348349	52.27
9606.ENSP00000262133	9606.ENSP00000361927	53.33
9606.ENSP00000262133	9606.ENSP00000362824	42.0
9606.ENSP00000262133	9606.ENSP00000363998	53.85
9606.ENSP00000262213	9606.ENSP00000231524	45.0
9606.ENSP00000262213	9606.ENSP00000262213	100.0
9606.ENSP00000262213	9606.ENSP00000362824	50.0
9606.ENSP00000262213	9606.ENSP00000374212	41.1
9606.ENSP00000262374	10359.VIE1_HCMVM	48.65
9606.ENSP00000262374	9606.ENSP00000313007	50.0
9606.ENSP00000262374	9606.ENSP00000318297	44.83
9606.ENSP00000262374	9606.ENSP00000368459	45.45
9606.ENSP00000262455	9606.ENSP00000219406	50.0
9606.ENSP00000262455	9606.ENSP00000286091	54.63
9606.ENSP00000262455	9606.ENSP00000372023	48.48
9606.ENSP00000262812	10359.VICA_HCMVM	57.89
9606.ENSP00000262812	9606.ENSP00000324173	44.78
9606.ENSP00000262812	9606.ENSP00000345216	53.49
9606.ENSP00000262812	9606.ENSP00000351273	50.85
9606.ENSP00000262812	9606.ENSP00000368030	50.0
9606.ENSP00000262812	9606.ENSP00000369538	50.0
9606.ENSP00000262812	9606.ENSP00000371003	68.75
9606.ENSP00000262812	9606.ENSP00000374212	46.94
9606.ENSP00000263253	9606.ENSP00000216832	56.1
9606.ENSP00000263253	9606.ENSP00000217244	45.16
9606.ENSP00000263253	9606.ENSP00000276297	55.56
9606.ENSP00000263253	9606.ENSP00000290349	53.85
9606.ENSP00000263253	9606.ENSP00000311997	47.3
9606.ENSP00000263253	9606.ENSP00000343023	50.0
9606.ENSP00000263253	9606.ENSP00000371003	60.0
9606.ENSP00000263253	9606.ENSP00000401802	52.24
9606.ENSP00000263253	9606.ENSP00000434614	41.67
9606.ENSP00000263559	10359.US11_HCMVM	46.67
9606.ENSP00000263559	9606.ENSP00000219406	57.89
9606.ENSP00000263559	9606.ENSP00000261667	48.0
9606.ENSP00000263559	9606.ENSP00000343701	60.61
9606.ENSP00000263559	9606.ENSP00000348349	43.14
9606.ENSP00000263559	9606.ENSP00000364578	78.57
9606.ENSP00000263559	9606.ENSP00000369538	66.67
9606.ENSP00000264312	9606.ENSP00000408108	65.0
9606.ENSP00000264451	9606.ENSP00000253792	35.45
9606.ENSP00000264451	9606.ENSP00000264710	51.11
9606.ENSP00000264451	9606.ENSP00000303992	50.0
9606.ENSP00000264451	9606.ENSP00000346045	57.69
9606.ENSP00000264451	9606.ENSP00000346046	57.69
9606.ENSP00000264639	9606.ENSP00000264639	100.0
9606.ENSP00000264639	9606.ENSP00000264657	58.33
9606.ENSP00000264639	9606.ENSP00000301764	63.16
9606.ENSP00000264639	9606.ENSP00000394394	54.0
9606.ENSP00000264639	9606.ENSP00000408108	42.11
9606.ENSP00000264639	9606.ENSP00000434614	39.44
9606.ENSP00000264771	9606.ENSP00000267163	40.91
9606.ENSP00000264771	9606.ENSP00000268058	59.09
9606.ENSP00000264771	9606.ENSP00000303992	70.59
9606.ENSP00000265044	10359.VIE2_HCMVM	68.18
9606.ENSP00000265044	9606.ENSP00000310129	63.64
9606.ENSP00000265044	9606.ENSP00000339001	71.43
9606.ENSP00000265044	9606.ENSP00000343023	51.06
9606.ENSP00000265044	9606.ENSP00000347733	52.94
9606.ENSP00000265044	9606.ENSP00000358696	47.62
9606.ENSP00000265641	10359.UL97_HCMVM	46.67
9606.ENSP00000265641	9606.ENSP00000408108	46.3
9606.ENSP00000266659	10359.VIE2_HCMVM	38.36
9606.ENSP00000266659	9606.ENSP00000332340	40.26
9606.ENSP00000266659	9606.ENSP00000345216	48.28
9606.ENSP00000266659	9606.ENSP00000347733	40.51
9606.ENSP00000266732	10359.VICA_HCMVM	81.82
9606.ENSP00000266732	10359.VIE1_HCMVM	43.06
9606.ENSP00000266732	9606.ENSP00000337853	46.81
9606.ENSP00000266732	9606.ENSP00000343535	57.89
9606.ENSP00000266732	9606.ENSP00000352928	52.63
9606.ENSP00000266732	9606.ENSP00000357879	55.56
9606.ENSP00000266732	9606.ENSP00000363998	40.17
9606.ENSP00000266732	9606.ENSP00000429084	53.85
9606.ENSP00000268099	9606.ENSP00000228284	49.18
9606.ENSP00000268099	9606.ENSP00000264657	63.64
9606.ENSP00000268099	9606.ENSP00000311997	52.94
9606.ENSP00000268099	9606.ENSP00000313007	52.17
9606.ENSP00000268099	9606.ENSP00000345216	67.74
9606.ENSP00000268099	9606.ENSP00000347733	64.0
9606.ENSP00000268099	9606.ENSP00000348349	49.02
9606.ENSP00000268099	9606.ENSP00000374212	55.17
9606.ENSP00000268099	9606.ENSP00000401802	41.43
9606.ENSP00000268099	9606.ENSP00000429084	52.63
9606.ENSP00000269195	9606.ENSP00000231524	43.51
9606.ENSP00000269195	9606.ENSP00000332340	83.33
9606.ENSP00000269195	9606.ENSP00000362824	45.9
9606.ENSP00000269305	9606.ENSP00000253792	45.65
9606.ENSP00000269305	9606.ENSP00000310129	51.72
9606.ENSP00000269305	9606.ENSP00000343023	61.76
9606.ENSP00000269305	9606.ENSP00000347733	47.62
9606.ENSP00000269305	9606.ENSP00000361202	73.33
9606.ENSP00000269305	9606.ENSP00000393183	47.22
9606.ENSP00000269305	9606.ENSP00000397552	62.07
9606.ENSP00000271308	9606.ENSP00000216455	56.28
9606.ENSP00000271308	9606.ENSP00000261667	53.57
9606.ENSP00000271308	9606.ENSP00000270586	47.5
9606.ENSP00000271308	9606.ENSP00000317232	58.82
9606.ENSP00000271688	10359.UL27_HCMVM	57.89
9606.ENSP00000271688	9606.ENSP00000259512	43.24
9606.ENSP00000271688	9606.ENSP00000262213	46.71
9606.ENSP00000271688	9606.ENSP00000311997	76.47
9606.ENSP00000271688	9606.ENSP00000317232	50.0
9606.ENSP00000271688	9606.ENSP00000332340	70.0
9606.ENSP00000271688	9606.ENSP00000358696	38.27
9606.ENSP00000271688	9606.ENSP00000374212	43.01
9606.ENSP00000272748	9606.ENSP00000228284	44.23
9606.ENSP00000272748	9606.ENSP00000261769	41.03
9606.ENSP00000272748	9606.ENSP00000332340	49.15
9606.ENSP00000272748	9606.ENSP00000348349	40.62
9606.ENSP00000272748	9606.ENSP00000357879	50.0
9606.ENSP00000272748	9606.ENSP00000363998	45.95
9606.ENSP00000272748	9606.ENSP00000374212	52.27
9606.ENSP00000273375	9606.ENSP00000231524	50.0
9606.ENSP00000273375	9606.ENSP00000264710	50.0
9606.ENSP00000273375	9606.ENSP00000376176	40.0
9606.ENSP00000273375	9606.ENSP00000387286	47.06
9606.ENSP00000274695	9606.ENSP00000216455	42.47
9606.ENSP00000274695	9606.ENSP00000311997	43.48
9606.ENSP00000274695	9606.ENSP00000363998	60.0
9606.ENSP00000274695	9606.ENSP00000372023	51.22
9606.ENSP00000274695	9606.ENSP00000420357	43.59
9606.ENSP00000278353	9606.ENSP00000261667	44.12
9606.ENSP00000278353	9606.ENSP00000276297	75.0
9606.ENSP00000278353	9606.ENSP00000290349	48.94
9606.ENSP00000278353	9606.ENSP00000374212	73.91
9606.ENSP00000278422	10359.US02_HCMVM	66.67
9606.ENSP00000278422	9606.ENSP00000219406	52.63
9606.ENSP00000278422	9606.ENSP00000286091	52.38
9606.ENSP00000278422	9606.ENSP00000346453	52.17
9606.ENSP00000278422	9606.ENSP00000358696	51.35
9606.ENSP00000278422	9606.ENSP00000363998	63.16
9606.ENSP00000278422	9606.ENSP00000374212	50.0
9606.ENSP00000278505	10359.UL21A_HCMVM	61.9
9606.ENSP00000278505	9606.ENSP00000351273	41.77
9606.ENSP00000278671	10359.UL35_HCMVM	57.69
9606.ENSP00000278671	9606.ENSP00000347733	54.17
9606.ENSP00000278671	9606.ENSP00000352928	51.35
9606.ENSP00000278671	9606.ENSP00000369538	34.69
9606.ENSP00000278671	9606.ENSP00000397552	51.52
9606.ENSP00000278840	9606.ENSP00000345216	50.0
9606.ENSP00000278840	9606.ENSP00000372023	54.55
9606.ENSP00000279036	10359.IL10H_HCMVM	66.67
9606.ENSP00000279036	10359.UL35_HCMVM	58.82
9606.ENSP00000279036	9606.ENSP00000276297	55.1
9606.ENSP00000279036	9606.ENSP00000345216	57.69
9606.ENSP00000281187	9606.ENSP00000219406	40.0
9606.ENSP00000281187	9606.ENSP00000358696	56.67
9606.ENSP00000281187	9606.ENSP00000394394	51.72
9606.ENSP00000281834	10359.PP71_HCMVM	44.07
9606.ENSP00000281834	9606.ENSP00000358696	40.0
9606.ENSP00000281834	9606.ENSP00000434614	51.52
9606.ENSP00000282561	10359.UL42_HCMVM	56.67
9606.ENSP00000282561	9606.ENSP00000297268	45.24
9606.ENSP00000282561	9606.ENSP00000374212	66.67
9606.ENSP00000282903	9606.ENSP00000351273	51.85
9606.ENSP00000282903	9606.ENSP00000357879	47.62
9606.ENSP00000284811	9606.ENSP00000228284	42.22
9606.ENSP00000284811	9606.ENSP00000310129	69.57
9606.ENSP00000284811	9606.ENSP00000371003	41.18
9606.ENSP00000285419	10359.PP65_HCMVM	51.72
9606.ENSP00000285419	9606.ENSP00000231524	51.92
9606.ENSP00000285419	9606.ENSP00000253792	53.57
9606.ENSP00000285419	9606.ENSP00000261769	72.73
9606.ENSP00000285419	9606.ENSP00000276297	57.14
9606.ENSP00000285419	9606.ENSP00000286091	32.11
9606.ENSP00000285419	9606.ENSP00000290349	41.94
9606.ENSP00000285419	9606.ENSP00000346045	47.06
9606.ENSP00000285419	9606.ENSP00000346046	47.06
9606.ENSP00000285419	9606.ENSP00000346453	45.28
9606.ENSP00000285419	9606.ENSP00000348349	47.73
9606.ENSP00000286201	9606.ENSP00000216455	52.0
9606.ENSP00000286201	9606.ENSP00000219406	40.68
9606.ENSP00000286201	9606.ENSP00000264657	50.91
9606.ENSP00000286201	9606.ENSP00000313007	47.62
9606.ENSP00000286201	9606.ENSP00000317232	80.0
9606.ENSP00000286201	9606.ENSP00000473172	57.14
9606.ENSP00000286713	10359.VIE1_HCMVM	53.33
9606.ENSP00000286713	10359.VIE2_HCMVM	53.25
9606.ENSP00000286713	9606.ENSP00000290541	59.09
9606.ENSP00000286713	9606.ENSP00000345731	54.05
9606.ENSP00000290299	10359.VIE2_HCMVM	69.23
9606.ENSP00000290299	9606.ENSP00000310129	60.0
9606.ENSP00000290299	9606.ENSP00000311997	51.72
9606.ENSP00000290299	9606.ENSP00000339001	55.56
9606.ENSP00000290299	9606.ENSP00000345216	43.1
9606.ENSP00000290299	9606.ENSP00000347733	61.11
9606.ENSP00000290299	9606.ENSP00000357879	73.08
9606.ENSP00000290299	9606.ENSP00000374212	46.51
9606.ENSP00000290541	9606.ENSP00000262213	55.81
9606.ENSP00000290541	9606.ENSP00000270586	54.1
9606.ENSP00000290541	9606.ENSP00000290541	100.0
9606.ENSP00000292246	10359.PP65_HCMVM	44.44
9606.ENSP00000292644	9606.ENSP00000157812	69.17
9606.ENSP00000292644	9606.ENSP00000290349	53.33
9606.ENSP00000292644	9606.ENSP00000318297	63.16
9606.ENSP00000292644	9606.ENSP00000343535	40.35
9606.ENSP00000292644	9606.ENSP00000348349	66.67
9606.ENSP00000292644	9606.ENSP00000357113	50.0
9606.ENSP00000292644	9606.ENSP00000368030	48.39
9606.ENSP00000292644	9606.ENSP00000394394	57.69
9606.ENSP00000292644	9606.ENSP00000401802	69.03
9606.ENSP00000292644	9606.ENSP00000473172	55.26
9606.ENSP00000295025	9606.ENSP00000276297	45.0
9606.ENSP00000295025	9606.ENSP00000357113	46.55
9606.ENSP00000295025	9606.ENSP00000372023	58.54
9606.ENSP00000295025	9606.ENSP00000434614	80.95
9606.ENSP00000295598	9606.ENSP00000224784	41.9
9606.ENSP00000295598	9606.ENSP00000261769	48.15
9606.ENSP00000295598	9606.ENSP00000264657	48.65
9606.ENSP00000295598	9606.ENSP00000295137	41.9
9606.ENSP00000295598	9606.ENSP00000352928	58.06
9606.ENSP00000295598	9606.ENSP00000362824	41.38
9606.ENSP00000295770	9606.ENSP00000231524	41.94
9606.ENSP00000295770	9606.ENSP00000357113	36.14
9606.ENSP00000295901	10359.UL27_HCMVM	52.5
9606.ENSP00000295901	9606.ENSP00000276297	68.42
9606.ENSP00000296292	9606.ENSP00000408108	39.87
9606.ENSP00000296582	10359.UL35_HCMVM	81.25
9606.ENSP00000296582	10359.VIE2_HCMVM	50.0
9606.ENSP00000296582	9606.ENSP00000263121	53.85
9606.ENSP00000296582	9606.ENSP00000267163	50.0
9606.ENSP00000296582	9606.ENSP00000347733	48.28
9606.ENSP00000296582	9606.ENSP00000357113	42.86
9606.ENSP00000296582	9606.ENSP00000393183	65.52
9606.ENSP00000298852	9606.ENSP00000157812	61.5
9606.ENSP00000298852	9606.ENSP00000276297	50.85
9606.ENSP00000298852	9606.ENSP00000318297	63.16
9606.ENSP00000298852	9606.ENSP00000365025	58.54
9606.ENSP00000298852	9606.ENSP00000368030	49.72
9606.ENSP00000298852	9606.ENSP00000401802	64.84
9606.ENSP00000298852	9606.ENSP00000434614	37.71
9606.ENSP00000298852	9606.ENSP00000473172	53.66
9606.ENSP00000299138	9606.ENSP00000267163	70.0
9606.ENSP00000299157	9606.ENSP00000264657	50.67
9606.ENSP00000299157	9606.ENSP00000267163	44.83
9606.ENSP00000299157	9606.ENSP00000297268	61.9
9606.ENSP00000299157	9606.ENSP00000343535	44.05
9606.ENSP00000299157	9606.ENSP00000345216	53.85
9606.ENSP00000299157	9606.ENSP00000347733	57.14
9606.ENSP00000299157	9606.ENSP00000357113	47.92
9606.ENSP00000299157	9606.ENSP00000362824	55.56
9606.ENSP00000299608	10359.IL10H_HCMVM	54.29
9606.ENSP00000299608	9606.ENSP00000219406	54.29
9606.ENSP00000299608	9606.ENSP00000227752	82.35
9606.ENSP00000299608	9606.ENSP00000286091	67.24
9606.ENSP00000299608	9606.ENSP00000347733	47.27
9606.ENSP00000299608	9606.ENSP00000371341	47.83
9606.ENSP00000300527	10359.PP71_HCMVM	63.64
9606.ENSP00000300527	9606.ENSP00000253792	41.38
9606.ENSP00000300527	9606.ENSP00000297268	54.59
9606.ENSP00000300527	9606.ENSP00000348349	40.32
9606.ENSP00000300527	9606.ENSP00000361202	45.0
9606.ENSP00000300527	9606.ENSP00000362824	50.0
9606.ENSP00000300527	9606.ENSP00000393183	44.44
9606.ENSP00000300571	10359.UNG_HCMVM	52.27
9606.ENSP00000300571	9606.ENSP00000253792	40.68
9606.ENSP00000300571	9606.ENSP00000264639	55.17
9606.ENSP00000300571	9606.ENSP00000345731	57.69
9606.ENSP00000300571	9606.ENSP00000347733	47.37
9606.ENSP00000300571	9606.ENSP00000374212	43.18
9606.ENSP00000300688	9606.ENSP00000217244	75.0
9606.ENSP00000300688	9606.ENSP00000228284	42.11
9606.ENSP00000300688	9606.ENSP00000262213	60.0
9606.ENSP00000300688	9606.ENSP00000301071	58.82
9606.ENSP00000300688	9606.ENSP00000301072	58.82
9606.ENSP00000300688	9606.ENSP00000347733	48.48
9606.ENSP00000300688	9606.ENSP00000361202	48.65
9606.ENSP00000300688	9606.ENSP00000393183	44.58
9606.ENSP00000300688	9606.ENSP00000429084	72.73
9606.ENSP00000300688	9606.ENSP00000434614	50.0
9606.ENSP00000301015	10359.ICP27_HCMVM	46.0
9606.ENSP00000301015	9606.ENSP00000228284	65.62
9606.ENSP00000301015	9606.ENSP00000264639	55.56
9606.ENSP00000301015	9606.ENSP00000264657	60.0
9606.ENSP00000301015	9606.ENSP00000267163	45.0
9606.ENSP00000301015	9606.ENSP00000357113	43.18
9606.ENSP00000301015	9606.ENSP00000429084	65.38
9606.ENSP00000301587	10359.ICP27_HCMVM	68.75
9606.ENSP00000301587	9606.ENSP00000228284	65.22
9606.ENSP00000301587	9606.ENSP00000253792	61.11
9606.ENSP00000301587	9606.ENSP00000268058	49.02
9606.ENSP00000301587	9606.ENSP00000310129	55.56
9606.ENSP00000301587	9606.ENSP00000311997	60.0
9606.ENSP00000301587	9606.ENSP00000378350	43.14
9606.ENSP00000302088	10359.US02_HCMVM	55.56
9606.ENSP00000302088	9606.ENSP00000157812	55.56
9606.ENSP00000302088	9606.ENSP00000264710	41.67
9606.ENSP00000302088	9606.ENSP00000293362	44.83
9606.ENSP00000302088	9606.ENSP00000345216	43.48
9606.ENSP00000302088	9606.ENSP00000346453	50.0
9606.ENSP00000303145	9606.ENSP00000310129	56.52
9606.ENSP00000303145	9606.ENSP00000311997	87.5
9606.ENSP00000303145	9606.ENSP00000343535	52.17
9606.ENSP00000303145	9606.ENSP00000346453	64.29
9606.ENSP00000303145	9606.ENSP00000357113	56.67
9606.ENSP00000303222	10359.VIE2_HCMVM	48.65
9606.ENSP00000303222	9606.ENSP00000347733	38.46
9606.ENSP00000303222	9606.ENSP00000369538	45.95
9606.ENSP00000303222	9606.ENSP00000374212	63.64
9606.ENSP00000303222	9606.ENSP00000393183	65.0
9606.ENSP00000303351	9606.ENSP00000358696	72.22
9606.ENSP00000303351	9606.ENSP00000372023	58.54
9606.ENSP00000303351	9606.ENSP00000378350	40.0
9606.ENSP00000303992	9606.ENSP00000303992	100.0
9606.ENSP00000303992	9606.ENSP00000358696	81.82
9606.ENSP00000305230	9606.ENSP00000229239	58.33
9606.ENSP00000305230	9606.ENSP00000301764	78.95
9606.ENSP00000305230	9606.ENSP00000305480	38.81
9606.ENSP00000305230	9606.ENSP00000343701	50.0
9606.ENSP00000305230	9606.ENSP00000347733	77.78
9606.ENSP00000306887	10359.ICP27_HCMVM	41.82
9606.ENSP00000306887	10359.UL35_HCMVM	46.81
9606.ENSP00000306887	9606.ENSP00000345731	60.87
9606.ENSP00000306887	9606.ENSP00000346453	61.11
9606.ENSP00000306887	9606.ENSP00000347733	42.55
9606.ENSP00000306887	9606.ENSP00000351273	54.17
9606.ENSP00000306887	9606.ENSP00000429084	43.24
9606.ENSP00000307260	9606.ENSP00000408108	46.67
9606.ENSP00000307275	9606.ENSP00000228284	76.47
9606.ENSP00000307275	9606.ENSP00000264657	38.1
9606.ENSP00000307275	9606.ENSP00000290349	73.33
9606.ENSP00000307275	9606.ENSP00000345216	68.57
9606.ENSP00000307275	9606.ENSP00000348349	70.83
9606.ENSP00000307275	9606.ENSP00000368030	62.07
9606.ENSP00000307275	9606.ENSP00000378350	59.26
9606.ENSP00000307713	9606.ENSP00000301764	50.0
9606.ENSP00000307859	9606.ENSP00000345731	43.1
9606.ENSP00000308208	9606.ENSP00000305480	50.0
9606.ENSP00000308208	9606.ENSP00000387286	58.33
9606.ENSP00000308258	9606.ENSP00000267163	54.29
9606.ENSP00000308258	9606.ENSP00000344818	41.07
9606.ENSP00000308845	9606.ENSP00000253792	54.84
9606.ENSP00000308845	9606.ENSP00000362824	52.63
9606.ENSP00000309430	9606.ENSP00000401802	53.33
9606.ENSP00000309474	10359.UL27_HCMVM	54.17
9606.ENSP00000309474	10359.VIE2_HCMVM	50.0
9606.ENSP00000309474	9606.ENSP00000261667	51.61
9606.ENSP00000309474	9606.ENSP00000310129	59.38
9606.ENSP00000309474	9606.ENSP00000347733	62.96
9606.ENSP00000309474	9606.ENSP00000374212	39.05
9606.ENSP00000309782	10359.IL10H_HCMVM	52.0
9606.ENSP00000309782	10359.US32_HCMVM	47.5
9606.ENSP00000309782	10359.VICA_HCMVM	57.14
9606.ENSP00000309782	9606.ENSP00000267163	52.0
9606.ENSP00000309782	9606.ENSP00000358696	56.52
9606.ENSP00000309782	9606.ENSP00000362824	55.17
9606.ENSP00000309945	9606.ENSP00000261769	58.62
9606.ENSP00000309945	9606.ENSP00000300291	48.65
9606.ENSP00000309945	9606.ENSP00000313007	51.72
9606.ENSP00000309945	9606.ENSP00000362824	48.57
9606.ENSP00000309953	9606.ENSP00000276297	52.0
9606.ENSP00000309953	9606.ENSP00000363998	54.55
9606.ENSP00000309953	9606.ENSP00000374212	53.57
9606.ENSP00000309953	9606.ENSP00000393183	40.0
9606.ENSP00000310572	9606.ENSP00000157812	62.25
9606.ENSP00000310572	9606.ENSP00000253792	65.0
9606.ENSP00000310572	9606.ENSP00000318297	63.16
9606.ENSP00000310572	9606.ENSP00000368030	44.88
9606.ENSP00000310572	9606.ENSP00000371341	54.55
9606.ENSP00000310572	9606.ENSP00000401802	67.42
9606.ENSP00000310572	9606.ENSP00000473172	60.53
9606.ENSP00000311245	10359.IL10H_HCMVM	45.45
9606.ENSP00000311245	10359.VIE1_HCMVM	55.17
9606.ENSP00000311245	9606.ENSP00000261769	55.56
9606.ENSP00000311245	9606.ENSP00000374212	56.25
9606.ENSP00000311405	9606.ENSP00000224784	42.86
9606.ENSP00000311405	9606.ENSP00000295137	42.86
9606.ENSP00000311405	9606.ENSP00000301071	73.33
9606.ENSP00000311405	9606.ENSP00000301072	73.33
9606.ENSP00000311405	9606.ENSP00000310129	44.29
9606.ENSP00000312458	9606.ENSP00000264657	64.71
9606.ENSP00000312458	9606.ENSP00000345216	46.51
9606.ENSP00000312458	9606.ENSP00000347733	64.29
9606.ENSP00000312458	9606.ENSP00000371003	71.43
9606.ENSP00000312506	10359.PP71_HCMVM	41.86
9606.ENSP00000312506	9606.ENSP00000229239	50.0
9606.ENSP00000312506	9606.ENSP00000261769	40.98
9606.ENSP00000312506	9606.ENSP00000310129	40.0
9606.ENSP00000312506	9606.ENSP00000358696	48.72
9606.ENSP00000312506	9606.ENSP00000374212	60.0
9606.ENSP00000314023	9606.ENSP00000300291	43.59
9606.ENSP00000314023	9606.ENSP00000343535	42.11
9606.ENSP00000314023	9606.ENSP00000348349	69.23
9606.ENSP00000314023	9606.ENSP00000397552	58.62
9606.ENSP00000315130	9606.ENSP00000346453	48.84
9606.ENSP00000315130	9606.ENSP00000401802	63.64
9606.ENSP00000316007	10359.VIE2_HCMVM	35.71
9606.ENSP00000316007	9606.ENSP00000228284	60.0
9606.ENSP00000316007	9606.ENSP00000276297	71.43
9606.ENSP00000317141	10359.UL27_HCMVM	46.48
9606.ENSP00000317141	10359.UL35_HCMVM	40.35
9606.ENSP00000317141	9606.ENSP00000157812	64.29
9606.ENSP00000317141	9606.ENSP00000374212	63.64
9606.ENSP00000317331	9606.ENSP00000301764	44.19
9606.ENSP00000317331	9606.ENSP00000305480	42.11
9606.ENSP00000317331	9606.ENSP00000345731	50.0
9606.ENSP00000317331	9606.ENSP00000420357	48.0
9606.ENSP00000317714	10359.UL97_HCMVM	61.54
9606.ENSP00000317714	9606.ENSP00000253792	42.61
9606.ENSP00000317714	9606.ENSP00000264657	52.27
9606.ENSP00000317714	9606.ENSP00000361202	75.0
9606.ENSP00000317714	9606.ENSP00000362824	48.0
9606.ENSP00000317714	9606.ENSP00000374212	54.05
9606.ENSP00000318602	10359.PP65_HCMVM	43.24
9606.ENSP00000318602	9606.ENSP00000266000	49.21
9606.ENSP00000318602	9606.ENSP00000374212	65.0
9606.ENSP00000318602	9606.ENSP00000473172	44.26
9606.ENSP00000318883	10359.UL35_HCMVM	60.87
9606.ENSP00000318883	9606.ENSP00000253792	47.83
9606.ENSP00000318883	9606.ENSP00000286091	39.13
9606.ENSP00000318883	9606.ENSP00000310129	69.23
9606.ENSP00000318883	9606.ENSP00000363998	60.87
9606.ENSP00000318883	9606.ENSP00000371341	57.5
9606.ENSP00000319984	9606.ENSP00000303992	42.59
9606.ENSP00000319984	9606.ENSP00000357113	54.55
9606.ENSP00000319984	9606.ENSP00000358696	52.5
9606.ENSP00000319984	9606.ENSP00000363998	53.66
9606.ENSP00000319984	9606.ENSP00000371003	54.17
9606.ENSP00000321326	10359.UL144_HCMVM	66.67
9606.ENSP00000321326	9606.ENSP00000228284	57.14
9606.ENSP00000321326	9606.ENSP00000266000	75.0
9606.ENSP00000321326	9606.ENSP00000301764	61.11
9606.ENSP00000321326	9606.ENSP00000374212	59.09
9606.ENSP00000321326	9606.ENSP00000387286	47.62
9606.ENSP00000322909	10359.UL144_HCMVM	40.0
9606.ENSP00000322909	9606.ENSP00000268058	55.56
9606.ENSP00000322909	9606.ENSP00000276297	57.69
9606.ENSP00000322909	9606.ENSP00000374212	58.33
9606.ENSP00000322909	9606.ENSP00000393183	52.94
9606.ENSP00000323901	9606.ENSP00000264639	41.12
9606.ENSP00000323901	9606.ENSP00000317232	64.0
9606.ENSP00000323901	9606.ENSP00000361202	47.27
9606.ENSP00000324270	9606.ENSP00000374212	46.43
9606.ENSP00000324422	9606.ENSP00000345216	59.09
9606.ENSP00000324422	9606.ENSP00000358696	73.33
9606.ENSP00000324422	9606.ENSP00000371341	37.8
9606.ENSP00000324422	9606.ENSP00000393183	39.29
9606.ENSP00000324804	9606.ENSP00000229239	54.17
9606.ENSP00000324804	9606.ENSP00000343701	52.94
9606.ENSP00000324804	9606.ENSP00000346453	44.44
9606.ENSP00000324804	9606.ENSP00000347733	39.44
9606.ENSP00000324804	9606.ENSP00000348349	39.29
9606.ENSP00000324804	9606.ENSP00000371341	45.61
9606.ENSP00000325002	9606.ENSP00000347733	43.56
9606.ENSP00000325002	9606.ENSP00000348349	51.47
9606.ENSP00000325002	9606.ENSP00000378350	47.62
9606.ENSP00000325002	9606.ENSP00000404833	50.0
9606.ENSP00000325074	9606.ENSP00000276297	62.07
9606.ENSP00000325074	9606.ENSP00000301072	48.15
9606.ENSP00000325074	9606.ENSP00000345216	81.82
9606.ENSP00000325074	9606.ENSP00000378350	92.86
9606.ENSP00000325074	9606.ENSP00000408108	68.18
9606.ENSP00000325929	9606.ENSP00000231524	55.56
9606.ENSP00000325929	9606.ENSP00000240343	49.06
9606.ENSP00000325929	9606.ENSP00000242577	54.55
9606.ENSP00000325929	9606.ENSP00000268058	40.74
9606.ENSP00000325929	9606.ENSP00000310129	51.61
9606.ENSP00000325929	9606.ENSP00000337853	58.14
9606.ENSP00000325929	9606.ENSP00000345731	44.59
9606.ENSP00000325929	9606.ENSP00000393183	53.85
9606.ENSP00000328023	9606.ENSP00000268058	40.0
9606.ENSP00000328023	9606.ENSP00000301764	47.54
9606.ENSP00000328325	9606.ENSP00000216832	72.0
9606.ENSP00000328325	9606.ENSP00000266000	63.33
9606.ENSP00000328325	9606.ENSP00000346453	68.75
9606.ENSP00000328325	9606.ENSP00000348349	63.33
9606.ENSP00000328325	9606.ENSP00000374212	57.58
9606.ENSP00000328325	9606.ENSP00000473172	60.71
9606.ENSP00000330787	9606.ENSP00000219406	59.38
9606.ENSP00000330787	9606.ENSP00000363998	55.17
9606.ENSP00000330787	9606.ENSP00000397552	83.33
9606.ENSP00000332287	9606.ENSP00000404833	53.66
9606.ENSP00000332287	9606.ENSP00000429084	46.15
9606.ENSP00000333697	10359.UL76_HCMVM	42.22
9606.ENSP00000333697	9606.ENSP00000297268	52.63
9606.ENSP00000333697	9606.ENSP00000318297	50.0
9606.ENSP00000333697	9606.ENSP00000347733	44.83
9606.ENSP00000333697	9606.ENSP00000371341	50.0
9606.ENSP00000334153	9606.ENSP00000313007	52.63
9606.ENSP00000334153	9606.ENSP00000357113	39.05
9606.ENSP00000336712	10359.IL10H_HCMVM	63.16
9606.ENSP00000336712	10359.VICA_HCMVM	60.87
9606.ENSP00000336712	9606.ENSP00000216455	55.13
9606.ENSP00000336712	9606.ENSP00000261667	48.31
9606.ENSP00000336712	9606.ENSP00000343701	53.33
9606.ENSP00000336712	9606.ENSP00000346453	48.05
9606.ENSP00000336712	9606.ENSP00000347733	38.02
9606.ENSP00000336712	9606.ENSP00000429084	55.17
9606.ENSP00000336800	9606.ENSP00000228284	43.14
9606.ENSP00000336800	9606.ENSP00000374212	70.83
9606.ENSP00000336800	9606.ENSP00000434614	41.67
9606.ENSP00000336994	10359.PP65_HCMVM	44.44
9606.ENSP00000336994	10359.VICA_HCMVM	62.5
9606.ENSP00000336994	9606.ENSP00000253792	51.72
9606.ENSP00000336994	9606.ENSP00000273308	51.61
9606.ENSP00000336994	9606.ENSP00000301764	43.96
9606.ENSP00000336994	9606.ENSP00000317232	47.5
9606.ENSP00000336994	9606.ENSP00000357113	48.0
9606.ENSP00000336994	9606.ENSP00000358696	52.63
9606.ENSP00000336994	9606.ENSP00000362824	51.52
9606.ENSP00000336994	9606.ENSP00000372023	52.78
9606.ENSP00000336994	9606.ENSP00000374212	42.62
9606.ENSP00000337688	10359.PP65_HCMVM	47.37
9606.ENSP00000337688	10359.UL35_HCMVM	100.0
9606.ENSP00000337688	9606.ENSP00000216832	47.06
9606.ENSP00000337688	9606.ENSP00000231524	47.5
9606.ENSP00000337688	9606.ENSP00000268058	44.44
9606.ENSP00000337688	9606.ENSP00000394394	50.0
9606.ENSP00000337688	9606.ENSP00000429084	58.62
9606.ENSP00000337838	9606.ENSP00000217244	68.75
9606.ENSP00000337838	9606.ENSP00000276297	47.46
9606.ENSP00000337838	9606.ENSP00000293362	51.35
9606.ENSP00000337838	9606.ENSP00000311997	48.19
9606.ENSP00000337838	9606.ENSP00000313007	44.3
9606.ENSP00000337838	9606.ENSP00000345216	44.0
9606.ENSP00000337838	9606.ENSP00000362824	51.72
9606.ENSP00000337838	9606.ENSP00000371341	45.74
9606.ENSP00000337838	9606.ENSP00000378350	71.43
9606.ENSP00000338191	10359.UL97_HCMVM	60.0
9606.ENSP00000338191	9606.ENSP00000253792	44.83
9606.ENSP00000338191	9606.ENSP00000261667	39.56
9606.ENSP00000338191	9606.ENSP00000290541	40.77
9606.ENSP00000338191	9606.ENSP00000345731	60.0
9606.ENSP00000338191	9606.ENSP00000374212	69.57
9606.ENSP00000338191	9606.ENSP00000393183	46.0
9606.ENSP00000338607	9606.ENSP00000311997	71.43
9606.ENSP00000338607	9606.ENSP00000345216	45.65
9606.ENSP00000338607	9606.ENSP00000357879	75.0
9606.ENSP00000338607	9606.ENSP00000394394	57.14
9606.ENSP00000338964	9606.ENSP00000265866	53.57
9606.ENSP00000338964	9606.ENSP00000268058	62.5
9606.ENSP00000338964	9606.ENSP00000357879	61.11
9606.ENSP00000338964	9606.ENSP00000429084	64.71
9606.ENSP00000339016	9606.ENSP00000157812	55.17
9606.ENSP00000339016	9606.ENSP00000318297	70.37
9606.ENSP00000339016	9606.ENSP00000347733	58.62
9606.ENSP00000339016	9606.ENSP00000348349	47.58
9606.ENSP00000339016	9606.ENSP00000368030	45.69
9606.ENSP00000339016	9606.ENSP00000401802	54.1
9606.ENSP00000339016	9606.ENSP00000473172	60.0
9606.ENSP00000339191	9606.ENSP00000228284	54.05
9606.ENSP00000339191	9606.ENSP00000253792	50.0
9606.ENSP00000339191	9606.ENSP00000290541	44.0
9606.ENSP00000339191	9606.ENSP00000347733	54.55
9606.ENSP00000339191	9606.ENSP00000374212	73.33
9606.ENSP00000339191	9606.ENSP00000429084	66.67
9606.ENSP00000339382	10359.US02_HCMVM	61.11
9606.ENSP00000339382	9606.ENSP00000276297	46.81
9606.ENSP00000339382	9606.ENSP00000317232	42.37
9606.ENSP00000339382	9606.ENSP00000339001	60.0
9606.ENSP00000339382	9606.ENSP00000394394	57.69
9606.ENSP00000339720	9606.ENSP00000253792	40.54
9606.ENSP00000339720	9606.ENSP00000368030	55.17
9606.ENSP00000339720	9606.ENSP00000376176	51.85
9606.ENSP00000339720	9606.ENSP00000393183	52.94
9606.ENSP00000339720	9606.ENSP00000434614	66.67
9606.ENSP00000342070	10359.UL76_HCMVM	46.67
9606.ENSP00000342070	9606.ENSP00000266000	53.33
9606.ENSP00000342070	9606.ENSP00000311997	57.14
9606.ENSP00000342136	10359.PP65_HCMVM	52.78
9606.ENSP00000342136	9606.ENSP00000253792	37.93
9606.ENSP00000342136	9606.ENSP00000264657	49.32
9606.ENSP00000342136	9606.ENSP00000347733	46.58
9606.ENSP00000342136	9606.ENSP00000351273	40.48
9606.ENSP00000342136	9606.ENSP00000434614	53.66
9606.ENSP00000342222	9606.ENSP00000394394	55.17
9606.ENSP00000342481	9606.ENSP00000264639	48.94
9606.ENSP00000342481	9606.ENSP00000310129	46.67
9606.ENSP00000342481	9606.ENSP00000363998	53.66
9606.ENSP00000342481	9606.ENSP00000374212	51.22
9606.ENSP00000342962	9606.ENSP00000345731	63.16
9606.ENSP00000342962	9606.ENSP00000347733	62.5
9606.ENSP00000343204	9606.ENSP00000217244	54.74
9606.ENSP00000343204	9606.ENSP00000303992	39.29
9606.ENSP00000343204	9606.ENSP00000343023	46.67
9606.ENSP00000343204	9606.ENSP00000371341	55.11
9606.ENSP00000343204	9606.ENSP00000372023	46.86
9606.ENSP00000343398	9606.ENSP00000362824	72.73
9606.ENSP00000343435	9606.ENSP00000347733	46.15
9606.ENSP00000343552	9606.ENSP00000297268	61.54
9606.ENSP00000344822	9606.ENSP00000264657	56.45
9606.ENSP00000344822	9606.ENSP00000267163	61.9
9606.ENSP00000344822	9606.ENSP00000276297	60.0
9606.ENSP00000344822	9606.ENSP00000311997	54.76
9606.ENSP00000345575	10359.VIE2_HCMVM	52.17
9606.ENSP00000345575	9606.ENSP00000267163	51.61
9606.ENSP00000345575	9606.ENSP00000343535	46.34
9606.ENSP00000345575	9606.ENSP00000372023	38.89
9606.ENSP00000345656	9606.ENSP00000157812	54.84
9606.ENSP00000345656	9606.ENSP00000224784	58.82
9606.ENSP00000345656	9606.ENSP00000295137	58.82
9606.ENSP00000345656	9606.ENSP00000358696	41.86
9606.ENSP00000346027	10359.ICP27_HCMVM	54.17
9606.ENSP00000346027	10359.PP71_HCMVM	47.83
9606.ENSP00000346027	10359.UL27_HCMVM	44.44
9606.ENSP00000346027	10359.VIE1_HCMVM	67.74
9606.ENSP00000346027	9606.ENSP00000253792	51.22
9606.ENSP00000346027	9606.ENSP00000276297	62.07
9606.ENSP00000346027	9606.ENSP00000473172	46.67
9606.ENSP00000346130	10359.PP65_HCMVM	36.36
9606.ENSP00000346130	10359.UNG_HCMVM	45.24
9606.ENSP00000346130	10359.US11_HCMVM	63.16
9606.ENSP00000346130	9606.ENSP00000324173	50.0
9606.ENSP00000346130	9606.ENSP00000345731	62.07
9606.ENSP00000346130	9606.ENSP00000358696	66.67
9606.ENSP00000346130	9606.ENSP00000369538	44.0
9606.ENSP00000346206	9606.ENSP00000337853	51.72
9606.ENSP00000346206	9606.ENSP00000347733	46.81
9606.ENSP00000346206	9606.ENSP00000394394	56.41
9606.ENSP00000346206	9606.ENSP00000434614	44.83
9606.ENSP00000346829	9606.ENSP00000231524	52.0
9606.ENSP00000346829	9606.ENSP00000262213	48.84
9606.ENSP00000346829	9606.ENSP00000301071	44.19
9606.ENSP00000346829	9606.ENSP00000301072	64.71
9606.ENSP00000346829	9606.ENSP00000339001	48.84
9606.ENSP00000346829	9606.ENSP00000361202	54.0
9606.ENSP00000346954	9606.ENSP00000305480	54.17
9606.ENSP00000346954	9606.ENSP00000372023	36.49
9606.ENSP00000347206	9606.ENSP00000318297	53.12
9606.ENSP00000347206	9606.ENSP00000332340	60.71
9606.ENSP00000347206	9606.ENSP00000362824	48.39
9606.ENSP00000347206	9606.ENSP00000374212	39.29
9606.ENSP00000347979	10359.UL144_HCMVM	42.47
9606.ENSP00000347979	9606.ENSP00000228284	45.0
9606.ENSP00000347979	9606.ENSP00000290349	43.75
9606.ENSP00000347979	9606.ENSP00000347733	62.96
9606.ENSP00000347979	9606.ENSP00000348349	44.0
9606.ENSP00000347979	9606.ENSP00000429084	42.86
9606.ENSP00000348050	10359.UL27_HCMVM	64.29
9606.ENSP00000348050	9606.ENSP00000297268	42.22
9606.ENSP00000348050	9606.ENSP00000357113	31.97
9606.ENSP00000348050	9606.ENSP00000361202	38.67
9606.ENSP00000348050	9606.ENSP00000393183	50.0
9606.ENSP00000348786	9606.ENSP00000253792	50.75
9606.ENSP00000348786	9606.ENSP00000264710	57.89
9606.ENSP00000348786	9606.ENSP00000339001	51.35
9606.ENSP00000348786	9606.ENSP00000345216	47.92
9606.ENSP00000348786	9606.ENSP00000357113	46.94
9606.ENSP00000348786	9606.ENSP00000358696	62.96
9606.ENSP00000348786	9606.ENSP00000376176	52.44
9606.ENSP00000348786	9606.ENSP00000378350	80.0
9606.ENSP00000348786	9606.ENSP00000387286	57.23
9606.ENSP00000348886	9606.ENSP00000301764	58.62
9606.ENSP00000348886	9606.ENSP00000317232	66.67
9606.ENSP00000348901	9606.ENSP00000227752	55.56
9606.ENSP00000348901	9606.ENSP00000268058	45.83
9606.ENSP00000348901	9606.ENSP00000347733	68.18
9606.ENSP00000348901	9606.ENSP00000434614	50.0
9606.ENSP00000348965	10359.VIE1_HCMVM	56.52
9606.ENSP00000348965	10359.VIE2_HCMVM	53.57
9606.ENSP00000348965	9606.ENSP00000157812	61.11
9606.ENSP00000348965	9606.ENSP00000313007	44.12
9606.ENSP00000348965	9606.ENSP00000318297	85.71
9606.ENSP00000348965	9606.ENSP00000324173	53.06
9606.ENSP00000348965	9606.ENSP00000343535	46.15
9606.ENSP00000348965	9606.ENSP00000368030	42.5
9606.ENSP00000348965	9606.ENSP00000401802	80.0
9606.ENSP00000349142	9606.ENSP00000253792	68.75
9606.ENSP00000349142	9606.ENSP00000276297	62.07
9606.ENSP00000349142	9606.ENSP00000362824	64.71
9606.ENSP00000349142	9606.ENSP00000371003	45.24
9606.ENSP00000349142	9606.ENSP00000372023	66.67
9606.ENSP00000349415	9606.ENSP00000231524	49.57
9606.ENSP00000349415	9606.ENSP00000264710	62.69
9606.ENSP00000349415	9606.ENSP00000362824	76.92
9606.ENSP00000349415	9606.ENSP00000371003	59.38
9606.ENSP00000349415	9606.ENSP00000376176	54.49
9606.ENSP00000349415	9606.ENSP00000387286	62.37
9606.ENSP00000349877	10359.VICA_HCMVM	48.48
9606.ENSP00000349877	9606.ENSP00000343535	63.16
9606.ENSP00000349877	9606.ENSP00000345216	70.59
9606.ENSP00000349877	9606.ENSP00000374212	56.76
9606.ENSP00000350278	9606.ENSP00000227752	53.33
9606.ENSP00000350278	9606.ENSP00000253792	65.0
9606.ENSP00000350278	9606.ENSP00000339001	39.47
9606.ENSP00000350278	9606.ENSP00000345216	66.67
9606.ENSP00000350278	9606.ENSP00000368459	68.42
9606.ENSP00000350310	9606.ENSP00000263121	42.86
9606.ENSP00000350310	9606.ENSP00000290541	58.62
9606.ENSP00000350310	9606.ENSP00000295137	41.27
9606.ENSP00000350310	9606.ENSP00000345216	37.5
9606.ENSP00000350310	9606.ENSP00000347733	63.64
9606.ENSP00000350310	9606.ENSP00000348349	45.76
9606.ENSP00000350878	10359.PP65_HCMVM	40.0
9606.ENSP00000350878	9606.ENSP00000429084	56.25
9606.ENSP00000351132	9606.ENSP00000231524	48.92
9606.ENSP00000351132	9606.ENSP00000264710	56.82
9606.ENSP00000351132	9606.ENSP00000318297	67.86
9606.ENSP00000351132	9606.ENSP00000376176	41.15
9606.ENSP00000351132	9606.ENSP00000387286	44.44
9606.ENSP00000351132	9606.ENSP00000429084	43.21
9606.ENSP00000351132	9606.ENSP00000473172	60.0
9606.ENSP00000351410	10359.VIE1_HCMVM	46.34
9606.ENSP00000351410	9606.ENSP00000229239	44.12
9606.ENSP00000351410	9606.ENSP00000240343	68.75
9606.ENSP00000351410	9606.ENSP00000264639	38.71
9606.ENSP00000351410	9606.ENSP00000268058	57.14
9606.ENSP00000351410	9606.ENSP00000303992	51.85
9606.ENSP00000351410	9606.ENSP00000393183	45.45
9606.ENSP00000351605	10359.PP65_HCMVM	62.07
9606.ENSP00000351605	9606.ENSP00000264639	53.33
9606.ENSP00000351605	9606.ENSP00000332340	62.96
9606.ENSP00000351605	9606.ENSP00000345216	44.74
9606.ENSP00000351755	10359.VICA_HCMVM	40.86
9606.ENSP00000351755	9606.ENSP00000270586	54.17
9606.ENSP00000352208	10359.ICP27_HCMVM	37.37
9606.ENSP00000352208	9606.ENSP00000261667	63.16
9606.ENSP00000352208	9606.ENSP00000264657	48.15
9606.ENSP00000352208	9606.ENSP00000276297	50.0
9606.ENSP00000352208	9606.ENSP00000363998	52.94
9606.ENSP00000352288	10359.VIE1_HCMVM	44.19
9606.ENSP00000352288	9606.ENSP00000228284	51.52
9606.ENSP00000352288	9606.ENSP00000261769	44.0
9606.ENSP00000352288	9606.ENSP00000268058	44.74
9606.ENSP00000352288	9606.ENSP00000358696	49.77
9606.ENSP00000352513	10359.ICP27_HCMVM	64.71
9606.ENSP00000352513	9606.ENSP00000259512	60.0
9606.ENSP00000352513	9606.ENSP00000266000	59.09
9606.ENSP00000352513	9606.ENSP00000346453	52.38
9606.ENSP00000352513	9606.ENSP00000363998	50.0
9606.ENSP00000352513	9606.ENSP00000404833	32.04
9606.ENSP00000352513	9606.ENSP00000408108	58.33
9606.ENSP00000352513	9606.ENSP00000429084	50.0
9606.ENSP00000352513	9606.ENSP00000434614	50.0
9606.ENSP00000353375	9606.ENSP00000228284	51.06
9606.ENSP00000353375	9606.ENSP00000253792	49.09
9606.ENSP00000353375	9606.ENSP00000261769	60.71
9606.ENSP00000353375	9606.ENSP00000276297	52.11
9606.ENSP00000353375	9606.ENSP00000317232	42.37
9606.ENSP00000353375	9606.ENSP00000357113	48.84
9606.ENSP00000353878	9606.ENSP00000270586	51.72
9606.ENSP00000353878	9606.ENSP00000300291	54.17
9606.ENSP00000353878	9606.ENSP00000311997	52.17
9606.ENSP00000353878	9606.ENSP00000343023	56.52
9606.ENSP00000353878	9606.ENSP00000348349	44.44
9606.ENSP00000353878	9606.ENSP00000374212	63.64
9606.ENSP00000354511	9606.ENSP00000231524	47.83
9606.ENSP00000354511	9606.ENSP00000261769	57.69
9606.ENSP00000354511	9606.ENSP00000347733	68.18
9606.ENSP00000354511	9606.ENSP00000348349	68.97
9606.ENSP00000354511	9606.ENSP00000361927	50.0
9606.ENSP00000354511	9606.ENSP00000362824	57.14
9606.ENSP00000354526	9606.ENSP00000276297	56.41
9606.ENSP00000354526	9606.ENSP00000317232	59.09
9606.ENSP00000354526	9606.ENSP00000348349	62.96
9606.ENSP00000354612	9606.ENSP00000227752	46.94
9606.ENSP00000354612	9606.ENSP00000276297	66.67
9606.ENSP00000354612	9606.ENSP00000394394	60.87
9606.ENSP00000354632	9606.ENSP00000228284	41.79
9606.ENSP00000354632	9606.ENSP00000253792	78.57
9606.ENSP00000354632	9606.ENSP00000347733	53.85
9606.ENSP00000354632	9606.ENSP00000371341	83.33
9606.ENSP00000354676	9606.ENSP00000346453	76.19
9606.ENSP00000354676	9606.ENSP00000374212	68.18
9606.ENSP00000354876	9606.ENSP00000261667	52.5
9606.ENSP00000354876	9606.ENSP00000361202	53.85
9606.ENSP00000354923	9606.ENSP00000157812	41.3
9606.ENSP00000354923	9606.ENSP00000301764	58.62
9606.ENSP00000354923	9606.ENSP00000317232	65.52
9606.ENSP00000354923	9606.ENSP00000337853	50.0
9606.ENSP00000354923	9606.ENSP00000347733	56.1
9606.ENSP00000354923	9606.ENSP00000363998	62.96
9606.ENSP00000354923	9606.ENSP00000429084	41.77
9606.ENSP00000355361	9606.ENSP00000219406	65.22
9606.ENSP00000355361	9606.ENSP00000253792	64.52
9606.ENSP00000355361	9606.ENSP00000311997	58.62
9606.ENSP00000355747	10359.VIE2_HCMVM	41.38
9606.ENSP00000355747	9606.ENSP00000339001	70.59
9606.ENSP00000355747	9606.ENSP00000358696	55.17
9606.ENSP00000355747	9606.ENSP00000361202	36.36
9606.ENSP00000355923	10359.US11_HCMVM	42.53
9606.ENSP00000355923	9606.ENSP00000345216	63.16
9606.ENSP00000355923	9606.ENSP00000345731	50.0
9606.ENSP00000355923	9606.ENSP00000358696	52.5
9606.ENSP00000355923	9606.ENSP00000374212	66.67
9606.ENSP00000355923	9606.ENSP00000408108	48.57
9606.ENSP00000356515	9606.ENSP00000267163	61.29
9606.ENSP00000356515	9606.ENSP00000301764	47.27
9606.ENSP00000356515	9606.ENSP00000363998	60.71
9606.ENSP00000356515	9606.ENSP00000378350	64.52
9606.ENSP00000356574	9606.ENSP00000219406	68.18
9606.ENSP00000356574	9606.ENSP00000286091	56.34
9606.ENSP00000356574	9606.ENSP00000371341	37.5
9606.ENSP00000357448	9606.ENSP00000264657	44.0
9606.ENSP00000357448	9606.ENSP00000266000	51.43
9606.ENSP00000357448	9606.ENSP00000311997	48.61
9606.ENSP00000357448	9606.ENSP00000348349	49.06
9606.ENSP00000357692	9606.ENSP00000217244	45.88
9606.ENSP00000357692	9606.ENSP00000267163	55.26
9606.ENSP00000357692	9606.ENSP00000317232	63.64
9606.ENSP00000357692	9606.ENSP00000361202	91.67
9606.ENSP00000357692	9606.ENSP00000362824	57.58
9606.ENSP00000357692	9606.ENSP00000429084	71.43
9606.ENSP00000357836	10359.VIE2_HCMVM	46.67
9606.ENSP00000357836	9606.ENSP00000224784	46.53
9606.ENSP00000357836	9606.ENSP00000266000	58.33
9606.ENSP00000357836	9606.ENSP00000295137	46.53
9606.ENSP00000357836	9606.ENSP00000311997	60.0
9606.ENSP00000357836	9606.ENSP00000343701	44.44
9606.ENSP00000357836	9606.ENSP00000345731	58.75
9606.ENSP00000357836	9606.ENSP00000348349	53.66
9606.ENSP00000357879	9606.ENSP00000265866	38.89
9606.ENSP00000357879	9606.ENSP00000345216	50.0
9606.ENSP00000357879	9606.ENSP00000357879	100.0
9606.ENSP00000357998	10359.ICP27_HCMVM	71.43
9606.ENSP00000357998	9606.ENSP00000264657	64.71
9606.ENSP00000357998	9606.ENSP00000365025	45.76
9606.ENSP00000357998	9606.ENSP00000387286	56.0
9606.ENSP00000358081	9606.ENSP00000266000	50.0
9606.ENSP00000358081	9606.ENSP00000363998	71.88
9606.ENSP00000358737	9606.ENSP00000301764	57.89
9606.ENSP00000358737	9606.ENSP00000345216	68.42
9606.ENSP00000358737	9606.ENSP00000358696	45.31
9606.ENSP00000358737	9606.ENSP00000371003	50.0
9606.ENSP00000358737	9606.ENSP00000374212	50.0
9606.ENSP00000358737	9606.ENSP00000378350	73.91
9606.ENSP00000358794	9606.ENSP00000262213	46.03
9606.ENSP00000358794	9606.ENSP00000290349	55.56
9606.ENSP00000358857	9606.ENSP00000227752	56.1
9606.ENSP00000358857	9606.ENSP00000293362	46.88
9606.ENSP00000358857	9606.ENSP00000310129	47.83
9606.ENSP00000358857	9606.ENSP00000374212	63.64
9606.ENSP00000359233	10359.ICP27_HCMVM	75.0
9606.ENSP00000359233	9606.ENSP00000157812	68.42
9606.ENSP00000359233	9606.ENSP00000259512	62.5
9606.ENSP00000359233	9606.ENSP00000261769	55.88
9606.ENSP00000359233	9606.ENSP00000276297	47.5
9606.ENSP00000359233	9606.ENSP00000290541	44.74
9606.ENSP00000359233	9606.ENSP00000318297	62.07
9606.ENSP00000359233	9606.ENSP00000368030	40.17
9606.ENSP00000359375	9606.ENSP00000267163	45.24
9606.ENSP00000359375	9606.ENSP00000301764	57.58
9606.ENSP00000360184	9606.ENSP00000227752	46.67
9606.ENSP00000360184	9606.ENSP00000310129	60.87
9606.ENSP00000360184	9606.ENSP00000357879	52.94
9606.ENSP00000360184	9606.ENSP00000358696	84.62
9606.ENSP00000360316	9606.ENSP00000253792	76.92
9606.ENSP00000360316	9606.ENSP00000297268	41.3
9606.ENSP00000360316	9606.ENSP00000346045	48.84
9606.ENSP00000360316	9606.ENSP00000346046	48.84
9606.ENSP00000360316	9606.ENSP00000347733	75.0
9606.ENSP00000360316	9606.ENSP00000429084	50.0
9606.ENSP00000360683	9606.ENSP00000286091	57.14
9606.ENSP00000360683	9606.ENSP00000310129	61.11
9606.ENSP00000360683	9606.ENSP00000311997	42.86
9606.ENSP00000360683	9606.ENSP00000343535	51.35
9606.ENSP00000360683	9606.ENSP00000347733	42.86
9606.ENSP00000360683	9606.ENSP00000348349	41.46
9606.ENSP00000360683	9606.ENSP00000362824	43.9
9606.ENSP00000360683	9606.ENSP00000374212	54.17
9606.ENSP00000361499	9606.ENSP00000301072	53.57
9606.ENSP00000361499	9606.ENSP00000303992	53.12
9606.ENSP00000361499	9606.ENSP00000313007	40.0
9606.ENSP00000361499	9606.ENSP00000368030	45.83
9606.ENSP00000362021	9606.ENSP00000264657	65.0
9606.ENSP00000362021	9606.ENSP00000276297	45.71
9606.ENSP00000362021	9606.ENSP00000361202	50.0
9606.ENSP00000362768	9606.ENSP00000267163	46.71
9606.ENSP00000362768	9606.ENSP00000301764	58.14
9606.ENSP00000363824	9606.ENSP00000228284	50.0
9606.ENSP00000363824	9606.ENSP00000290349	50.0
9606.ENSP00000363824	9606.ENSP00000311997	50.0
9606.ENSP00000363824	9606.ENSP00000347733	43.14
9606.ENSP00000363824	9606.ENSP00000358696	83.33
9606.ENSP00000363824	9606.ENSP00000372023	76.47
9606.ENSP00000363891	9606.ENSP00000347733	45.1
9606.ENSP00000363891	9606.ENSP00000374212	72.22
9606.ENSP00000364034	10359.PP65_HCMVM	57.14
9606.ENSP00000364034	9606.ENSP00000303992	53.85
9606.ENSP00000364034	9606.ENSP00000347733	56.67
9606.ENSP00000364034	9606.ENSP00000394394	50.0
9606.ENSP00000364188	10359.UL97_HCMVM	50.0
9606.ENSP00000364188	9606.ENSP00000264657	55.0
9606.ENSP00000364188	9606.ENSP00000303992	50.0
9606.ENSP00000364188	9606.ENSP00000343535	52.63
9606.ENSP00000364188	9606.ENSP00000346453	75.0
9606.ENSP00000364403	10359.PP71_HCMVM	42.06
9606.ENSP00000364403	9606.ENSP00000347733	55.56
9606.ENSP00000364403	9606.ENSP00000348349	48.15
9606.ENSP00000364403	9606.ENSP00000363998	48.0
9606.ENSP00000364403	9606.ENSP00000374212	46.67
9606.ENSP00000364403	9606.ENSP00000429084	58.73
9606.ENSP00000364519	9606.ENSP00000228284	52.94
9606.ENSP00000364519	9606.ENSP00000311997	66.67
9606.ENSP00000364519	9606.ENSP00000343535	52.17
9606.ENSP00000364519	9606.ENSP00000346453	78.57
9606.ENSP00000364519	9606.ENSP00000363998	48.08
9606.ENSP00000365007	10359.UL27_HCMVM	57.14
9606.ENSP00000365007	9606.ENSP00000219406	51.61
9606.ENSP00000365007	9606.ENSP00000261769	54.55
9606.ENSP00000365007	9606.ENSP00000286091	58.62
9606.ENSP00000365007	9606.ENSP00000345216	49.37
9606.ENSP00000365570	9606.ENSP00000261667	38.0
9606.ENSP00000365570	9606.ENSP00000310129	53.66
9606.ENSP00000365570	9606.ENSP00000344818	60.0
9606.ENSP00000365570	9606.ENSP00000362824	82.35
9606.ENSP00000365725	9606.ENSP00000267163	71.43
9606.ENSP00000365725	9606.ENSP00000343535	43.21
9606.ENSP00000365725	9606.ENSP00000357113	38.57
9606.ENSP00000365725	9606.ENSP00000371341	55.56
9606.ENSP00000365725	9606.ENSP00000408108	66.67
9606.ENSP00000365756	9606.ENSP00000276297	43.24
9606.ENSP00000365756	9606.ENSP00000317232	51.52
9606.ENSP00000365756	9606.ENSP00000318297	48.1
9606.ENSP00000365756	9606.ENSP00000357113	59.09
9606.ENSP00000365756	9606.ENSP00000423673	53.33
9606.ENSP00000365756	9606.ENSP00000473172	45.65
9606.ENSP00000366084	9606.ENSP00000217244	55.32
9606.ENSP00000366084	9606.ENSP00000318297	41.43
9606.ENSP00000366084	9606.ENSP00000337853	57.14
9606.ENSP00000366800	9606.ENSP00000228284	45.45
9606.ENSP00000366800	9606.ENSP00000311997	51.61
9606.ENSP00000366800	9606.ENSP00000368459	54.17
9606.ENSP00000367123	10359.UL27_HCMVM	38.24
9606.ENSP00000367123	10359.US03_HCMVM	46.34
9606.ENSP00000367123	9606.ENSP00000290349	36.96
9606.ENSP00000367123	9606.ENSP00000347733	38.54
9606.ENSP00000367123	9606.ENSP00000372023	78.57
9606.ENSP00000367408	9606.ENSP00000217244	44.95
9606.ENSP00000367408	9606.ENSP00000332340	58.82
9606.ENSP00000367408	9606.ENSP00000343023	59.09
9606.ENSP00000367408	9606.ENSP00000345731	47.42
9606.ENSP00000367408	9606.ENSP00000347733	68.42
9606.ENSP00000367408	9606.ENSP00000363998	50.0
9606.ENSP00000367408	9606.ENSP00000368030	81.82
9606.ENSP00000367408	9606.ENSP00000371341	43.89
9606.ENSP00000367408	9606.ENSP00000372023	54.58
9606.ENSP00000367408	9606.ENSP00000387286	66.67
9606.ENSP00000368686	10359.IL10H_HCMVM	45.45
9606.ENSP00000368686	9606.ENSP00000268058	83.33
9606.ENSP00000368686	9606.ENSP00000290349	52.0
9606.ENSP00000368686	9606.ENSP00000345731	69.23
9606.ENSP00000368686	9606.ENSP00000361202	54.84
9606.ENSP00000368686	9606.ENSP00000378350	49.06
9606.ENSP00000368686	9606.ENSP00000429084	61.29
9606.ENSP00000368767	9606.ENSP00000357113	47.83
9606.ENSP00000368767	9606.ENSP00000362824	45.35
9606.ENSP00000368767	9606.ENSP00000378350	42.59
9606.ENSP00000368767	9606.ENSP00000394394	51.11
9606.ENSP00000368767	9606.ENSP00000434614	52.27
9606.ENSP00000369018	10359.UL35_HCMVM	50.0
9606.ENSP00000369018	9606.ENSP00000310129	57.14
9606.ENSP00000369018	9606.ENSP00000347733	65.0
9606.ENSP00000369018	9606.ENSP00000361202	53.66
9606.ENSP00000369018	9606.ENSP00000420357	47.37
9606.ENSP00000369127	10359.UL97_HCMVM	55.88
9606.ENSP00000369127	9606.ENSP00000276297	40.0
9606.ENSP00000369127	9606.ENSP00000305480	55.56
9606.ENSP00000369127	9606.ENSP00000344818	47.37
9606.ENSP00000369127	9606.ENSP00000347733	41.49
9606.ENSP00000369127	9606.ENSP00000362824	38.46
9606.ENSP00000369127	9606.ENSP00000363998	56.52
9606.ENSP00000369127	9606.ENSP00000429084	46.67
9606.ENSP00000370330	10359.UL97_HCMVM	66.67
9606.ENSP00000370330	10359.UNG_HCMVM	65.38
9606.ENSP00000370330	9606.ENSP00000157812	44.07
9606.ENSP00000370330	9606.ENSP00000266000	70.37
9606.ENSP00000370330	9606.ENSP00000345731	57.14
9606.ENSP00000370330	9606.ENSP00000374212	59.52
9606.ENSP00000370330	9606.ENSP00000434614	46.84
9606.ENSP00000370517	9606.ENSP00000267163	44.12
9606.ENSP00000370517	9606.ENSP00000358696	75.0
9606.ENSP00000370517	9606.ENSP00000393183	40.97
9606.ENSP00000370517	9606.ENSP00000394394	47.5
9606.ENSP00000370736	10359.IL10H_HCMVM	58.33
9606.ENSP00000370736	9606.ENSP00000261667	76.92
9606.ENSP00000370736	9606.ENSP00000310129	43.14
9606.ENSP00000370736	9606.ENSP00000311997	50.0
9606.ENSP00000370736	9606.ENSP00000343535	53.06
9606.ENSP00000370736	9606.ENSP00000347733	59.26
9606.ENSP00000370736	9606.ENSP00000348349	46.0
9606.ENSP00000370750	9606.ENSP00000290349	46.85
9606.ENSP00000370750	9606.ENSP00000339001	68.42
9606.ENSP00000370750	9606.ENSP00000357113	60.0
9606.ENSP00000371307	9606.ENSP00000228284	66.67
9606.ENSP00000371307	9606.ENSP00000358696	45.76
9606.ENSP00000371307	9606.ENSP00000374212	45.71
9606.ENSP00000371307	9606.ENSP00000378350	46.67
9606.ENSP00000373713	9606.ENSP00000231524	48.65
9606.ENSP00000373713	9606.ENSP00000374212	44.0
9606.ENSP00000373713	9606.ENSP00000429084	50.0
9606.ENSP00000375975	9606.ENSP00000266000	52.5
9606.ENSP00000375975	9606.ENSP00000297268	57.14
9606.ENSP00000375975	9606.ENSP00000311997	64.29
9606.ENSP00000375975	9606.ENSP00000343023	71.43
9606.ENSP00000375975	9606.ENSP00000345731	48.94
9606.ENSP00000375975	9606.ENSP00000348349	65.0
9606.ENSP00000375975	9606.ENSP00000368030	72.73
9606.ENSP00000375975	9606.ENSP00000371003	54.72
9606.ENSP00000375975	9606.ENSP00000393183	51.22
9606.ENSP00000376150	9606.ENSP00000253792	57.5
9606.ENSP00000376150	9606.ENSP00000267163	63.33
9606.ENSP00000376150	9606.ENSP00000290349	42.31
9606.ENSP00000376150	9606.ENSP00000318297	39.62
9606.ENSP00000376472	9606.ENSP00000264639	50.0
9606.ENSP00000376472	9606.ENSP00000301764	41.18
9606.ENSP00000376472	9606.ENSP00000361927	62.5
9606.ENSP00000376472	9606.ENSP00000404833	52.63
9606.ENSP00000376758	9606.ENSP00000378350	44.44
9606.ENSP00000376758	9606.ENSP00000393183	51.72
9606.ENSP00000377374	9606.ENSP00000216455	52.0
9606.ENSP00000377374	9606.ENSP00000227752	76.92
9606.ENSP00000377374	9606.ENSP00000276297	44.44
9606.ENSP00000377374	9606.ENSP00000301764	63.64
9606.ENSP00000377374	9606.ENSP00000347733	43.18
9606.ENSP00000377374	9606.ENSP00000357113	41.18
9606.ENSP00000377374	9606.ENSP00000363998	43.42
9606.ENSP00000377374	9606.ENSP00000401802	41.18
9606.ENSP00000377401	9606.ENSP00000358696	43.1
9606.ENSP00000377401	9606.ENSP00000429084	51.61
9606.ENSP00000377470	9606.ENSP00000286091	42.59
9606.ENSP00000377470	9606.ENSP00000318297	45.45
9606.ENSP00000377470	9606.ENSP00000368030	36.62
9606.ENSP00000377470	9606.ENSP00000401802	43.0
9606.ENSP00000378426	9606.ENSP00000313007	43.28
9606.ENSP00000379282	10359.PP71_HCMVM	76.92
9606.ENSP00000379282	9606.ENSP00000331019	73.33
9606.ENSP00000379282	9606.ENSP00000343023	54.17
9606.ENSP00000379282	9606.ENSP00000345216	60.0
9606.ENSP00000379282	9606.ENSP00000347733	45.61
9606.ENSP00000379282	9606.ENSP00000357555	73.33
9606.ENSP00000380037	9606.ENSP00000363998	48.65
9606.ENSP00000380795	10359.PP65_HCMVM	44.68
9606.ENSP00000380795	9606.ENSP00000337853	68.18
9606.ENSP00000380795	9606.ENSP00000348349	47.44
9606.ENSP00000380795	9606.ENSP00000358696	100.0
9606.ENSP00000380795	9606.ENSP00000361202	51.85
9606.ENSP00000381237	9606.ENSP00000216832	84.62
9606.ENSP00000381237	9606.ENSP00000259512	54.84
9606.ENSP00000381237	9606.ENSP00000374212	70.0
9606.ENSP00000381237	9606.ENSP00000393183	51.47
9606.ENSP00000381844	9606.ENSP00000264657	37.76
9606.ENSP00000381844	9606.ENSP00000404833	40.38
9606.ENSP00000382342	9606.ENSP00000240343	43.02
9606.ENSP00000382342	9606.ENSP00000242577	47.46
9606.ENSP00000382342	9606.ENSP00000270586	75.0
9606.ENSP00000382342	9606.ENSP00000348349	48.94
9606.ENSP00000383911	10359.ICP27_HCMVM	58.82
9606.ENSP00000383911	9606.ENSP00000345731	69.23
9606.ENSP00000383911	9606.ENSP00000369538	63.33
9606.ENSP00000383911	9606.ENSP00000393183	60.0
9606.ENSP00000385083	10359.IL10H_HCMVM	43.1
9606.ENSP00000385083	10359.VIE1_HCMVM	65.0
9606.ENSP00000385083	9606.ENSP00000267163	81.25
9606.ENSP00000385083	9606.ENSP00000290349	49.32
9606.ENSP00000385083	9606.ENSP00000365025	50.0
9606.ENSP00000386541	9606.ENSP00000219406	44.95
9606.ENSP00000386541	9606.ENSP00000228284	64.1
9606.ENSP00000386541	9606.ENSP00000261667	42.65
9606.ENSP00000386541	9606.ENSP00000264639	56.0
9606.ENSP00000386541	9606.ENSP00000276297	59.38
9606.ENSP00000386541	9606.ENSP00000347733	61.54
9606.ENSP00000386541	9606.ENSP00000364578	47.83
9606.ENSP00000386738	9606.ENSP00000228284	43.66
9606.ENSP00000386738	9606.ENSP00000268058	48.0
9606.ENSP00000386738	9606.ENSP00000343535	38.89
9606.ENSP00000387262	9606.ENSP00000371003	47.89
9606.ENSP00000387262	9606.ENSP00000371341	42.86
9606.ENSP00000387262	9606.ENSP00000401802	60.0
9606.ENSP00000389087	10359.PP65_HCMVM	50.0
9606.ENSP00000389087	9606.ENSP00000267163	53.85
9606.ENSP00000389087	9606.ENSP00000310129	52.94
9606.ENSP00000389087	9606.ENSP00000345216	52.0
9606.ENSP00000389087	9606.ENSP00000357879	33.68
9606.ENSP00000389087	9606.ENSP00000362824	45.16
9606.ENSP00000389087	9606.ENSP00000363998	43.4
9606.ENSP00000389087	9606.ENSP00000368459	48.65
9606.ENSP00000389087	9606.ENSP00000374212	81.82
9606.ENSP00000389399	9606.ENSP00000264657	68.97
9606.ENSP00000389399	9606.ENSP00000429084	63.33
9606.ENSP00000389649	9606.ENSP00000301764	65.0
9606.ENSP00000389649	9606.ENSP00000343535	42.11
9606.ENSP00000389649	9606.ENSP00000347733	60.71
9606.ENSP00000389649	9606.ENSP00000358696	64.71
9606.ENSP00000389649	9606.ENSP00000374212	71.43
9606.ENSP00000390783	10359.VIE1_HCMVM	45.95
9606.ENSP00000390783	9606.ENSP00000216832	53.12
9606.ENSP00000390783	9606.ENSP00000300291	52.0
9606.ENSP00000390783	9606.ENSP00000310129	48.0
9606.ENSP00000390783	9606.ENSP00000368459	57.89
9606.ENSP00000390783	9606.ENSP00000371341	48.89
9606.ENSP00000391249	10359.UL35_HCMVM	45.1
9606.ENSP00000391249	9606.ENSP00000231524	50.0
9606.ENSP00000391249	9606.ENSP00000264710	53.73
9606.ENSP00000391249	9606.ENSP00000313007	47.5
9606.ENSP00000391249	9606.ENSP00000345731	49.06
9606.ENSP00000391249	9606.ENSP00000348349	52.08
9606.ENSP00000391249	9606.ENSP00000352928	53.12
9606.ENSP00000391249	9606.ENSP00000376176	47.5
9606.ENSP00000391249	9606.ENSP00000387286	44.93
9606.ENSP00000391249	9606.ENSP00000473172	52.78
9606.ENSP00000392709	10359.UL97_HCMVM	50.0
9606.ENSP00000392709	9606.ENSP00000228284	48.94
9606.ENSP00000392709	9606.ENSP00000267163	44.83
9606.ENSP00000392709	9606.ENSP00000293362	45.31
9606.ENSP00000392709	9606.ENSP00000297268	88.89
9606.ENSP00000392709	9606.ENSP00000345216	75.0
9606.ENSP00000392709	9606.ENSP00000348349	60.71
9606.ENSP00000392709	9606.ENSP00000363998	46.3
9606.ENSP00000392709	9606.ENSP00000401802	57.69
9606.ENSP00000392709	9606.ENSP00000429084	70.0
9606.ENSP00000393333	10359.PP65_HCMVM	36.49
9606.ENSP00000393333	10359.US11_HCMVM	45.45
9606.ENSP00000393333	9606.ENSP00000224784	55.0
9606.ENSP00000393333	9606.ENSP00000264639	48.39
9606.ENSP00000393333	9606.ENSP00000295137	55.0
9606.ENSP00000393333	9606.ENSP00000310129	37.76
9606.ENSP00000393333	9606.ENSP00000372023	55.81
9606.ENSP00000395983	9606.ENSP00000429084	87.5
9606.ENSP00000396937	9606.ENSP00000263121	45.95
9606.ENSP00000396937	9606.ENSP00000346453	52.0
9606.ENSP00000396937	9606.ENSP00000347733	48.08
9606.ENSP00000396937	9606.ENSP00000362824	51.35
9606.ENSP00000396937	9606.ENSP00000429084	42.02
9606.ENSP00000398632	9606.ENSP00000216832	54.55
9606.ENSP00000398632	9606.ENSP00000263121	44.58
9606.ENSP00000398632	9606.ENSP00000345216	52.0
9606.ENSP00000398632	9606.ENSP00000357113	44.9
9606.ENSP00000398632	9606.ENSP00000393183	70.59
9606.ENSP00000401802	10359.UL27_HCMVM	46.88
9606.ENSP00000401802	9606.ENSP00000157812	64.46
9606.ENSP00000401802	9606.ENSP00000231524	52.08
9606.ENSP00000401802	9606.ENSP00000261769	63.64
9606.ENSP00000401802	9606.ENSP00000276297	41.54
9606.ENSP00000401802	9606.ENSP00000318297	53.45
9606.ENSP00000401802	9606.ENSP00000337853	50.85
9606.ENSP00000401802	9606.ENSP00000347733	43.01
9606.ENSP00000401802	9606.ENSP00000362824	73.33
9606.ENSP00000401802	9606.ENSP00000368030	48.85
9606.ENSP00000401802	9606.ENSP00000374212	66.67
9606.ENSP00000401802	9606.ENSP00000401802	100.0
9606.ENSP00000401802	9606.ENSP00000473172	51.11
9606.ENSP00000401980	10359.PP71_HCMVM	51.85
9606.ENSP00000401980	9606.ENSP00000297268	37.1
9606.ENSP00000401980	9606.ENSP00000347733	46.58
9606.ENSP00000401980	9606.ENSP00000374212	39.73
9606.ENSP00000401980	9606.ENSP00000429084	40.0
9606.ENSP00000404833	9606.ENSP00000343701	45.28
9606.ENSP00000404833	9606.ENSP00000348349	46.81
9606.ENSP00000404833	9606.ENSP00000372023	50.0
9606.ENSP00000404833	9606.ENSP00000404833	100.0
9606.ENSP00000405600	10359.UL144_HCMVM	52.94
9606.ENSP00000405600	9606.ENSP00000261769	61.9
9606.ENSP00000405600	9606.ENSP00000266000	43.4
9606.ENSP00000405600	9606.ENSP00000267163	75.0
9606.ENSP00000405600	9606.ENSP00000268058	57.14
9606.ENSP00000405600	9606.ENSP00000331019	53.57
9606.ENSP00000405600	9606.ENSP00000357113	47.46
9606.ENSP00000405600	9606.ENSP00000357555	53.57
9606.ENSP00000406327	10359.US03_HCMVM	42.86
9606.ENSP00000406327	9606.ENSP00000264657	42.37
9606.ENSP00000406327	9606.ENSP00000345216	66.67
9606.ENSP00000406327	9606.ENSP00000346045	57.69
9606.ENSP00000406327	9606.ENSP00000346046	57.69
9606.ENSP00000406327	9606.ENSP00000358696	42.5
9606.ENSP00000406327	9606.ENSP00000423673	55.56
9606.ENSP00000406367	9606.ENSP00000217244	52.63
9606.ENSP00000406367	9606.ENSP00000259512	50.0
9606.ENSP00000406367	9606.ENSP00000293362	57.58
9606.ENSP00000406367	9606.ENSP00000374212	44.23
9606.ENSP00000406367	9606.ENSP00000404833	51.52
9606.ENSP00000407509	9606.ENSP00000358696	40.68
9606.ENSP00000407509	9606.ENSP00000361202	60.0
9606.ENSP00000409126	9606.ENSP00000157812	44.64
9606.ENSP00000409126	9606.ENSP00000219406	66.67
9606.ENSP00000409126	9606.ENSP00000301764	73.68
9606.ENSP00000409126	9606.ENSP00000352928	50.0
9606.ENSP00000410083	10359.UL27_HCMVM	47.95
9606.ENSP00000410083	9606.ENSP00000261667	64.29
9606.ENSP00000410083	9606.ENSP00000311997	47.62
9606.ENSP00000410083	9606.ENSP00000473172	43.84
9606.ENSP00000410403	9606.ENSP00000217244	50.0
9606.ENSP00000410403	9606.ENSP00000231524	48.31
9606.ENSP00000410403	9606.ENSP00000264710	60.62
9606.ENSP00000410403	9606.ENSP00000374212	59.26
9606.ENSP00000410403	9606.ENSP00000376176	56.25
9606.ENSP00000410403	9606.ENSP00000387286	60.25
9606.ENSP00000415203	10359.PP71_HCMVM	54.17
9606.ENSP00000415203	10359.US02_HCMVM	42.86
9606.ENSP00000415203	10359.VIE1_HCMVM	51.35
9606.ENSP00000415203	9606.ENSP00000253792	54.29
9606.ENSP00000415203	9606.ENSP00000347733	50.98
9606.ENSP00000415203	9606.ENSP00000348349	61.54
9606.ENSP00000415203	9606.ENSP00000361202	45.28
9606.ENSP00000415786	9606.ENSP00000229239	60.0
9606.ENSP00000415786	9606.ENSP00000276297	50.0
9606.ENSP00000415786	9606.ENSP00000368030	48.91
9606.ENSP00000415786	9606.ENSP00000374212	39.47
9606.ENSP00000415786	9606.ENSP00000387286	40.94
9606.ENSP00000418401	9606.ENSP00000231524	46.41
9606.ENSP00000418401	9606.ENSP00000318297	68.97
9606.ENSP00000418401	9606.ENSP00000343701	50.0
9606.ENSP00000418401	9606.ENSP00000345731	44.23
9606.ENSP00000418401	9606.ENSP00000364578	60.0
9606.ENSP00000418401	9606.ENSP00000368030	62.5
9606.ENSP00000418401	9606.ENSP00000376176	55.56
9606.ENSP00000418401	9606.ENSP00000387286	41.27
9606.ENSP00000418401	9606.ENSP00000401802	48.78
9606.ENSP00000418401	9606.ENSP00000473172	50.79
9606.ENSP00000419446	9606.ENSP00000228284	58.82
9606.ENSP00000419446	9606.ENSP00000429084	60.0
9606.ENSP00000419879	9606.ENSP00000347733	41.67
9606.ENSP00000422431	10359.VIE2_HCMVM	43.86
9606.ENSP00000422431	9606.ENSP00000228284	46.43
9606.ENSP00000422431	9606.ENSP00000253792	46.67
9606.ENSP00000422431	9606.ENSP00000265866	60.0
9606.ENSP00000422431	9606.ENSP00000267163	60.0
9606.ENSP00000422431	9606.ENSP00000276297	35.38
9606.ENSP00000422431	9606.ENSP00000361927	73.33
9606.ENSP00000422431	9606.ENSP00000393183	60.0
9606.ENSP00000422473	9606.ENSP00000266000	50.0
9606.ENSP00000422473	9606.ENSP00000337853	60.0
9606.ENSP00000422473	9606.ENSP00000345731	68.75
9606.ENSP00000422473	9606.ENSP00000362824	45.33
9606.ENSP00000423822	9606.ENSP00000301764	54.55
9606.ENSP00000423822	9606.ENSP00000310129	54.0
9606.ENSP00000423822	9606.ENSP00000362824	46.0
9606.ENSP00000423822	9606.ENSP00000434614	41.43
9606.ENSP00000429301	10359.PP71_HCMVM	42.11
9606.ENSP00000429301	9606.ENSP00000228284	39.13
9606.ENSP00000429301	9606.ENSP00000397552	56.82
9606.ENSP00000429301	9606.ENSP00000429084	66.67
9606.ENSP00000434797	10359.VICA_HCMVM	45.1
9606.ENSP00000434797	9606.ENSP00000261769	76.47
9606.ENSP00000434797	9606.ENSP00000268058	42.62
9606.ENSP00000434797	9606.ENSP00000337853	50.0
9606.ENSP00000434797	9606.ENSP00000361202	39.39
9606.ENSP00000441875	9606.ENSP00000332340	55.88
9606.ENSP00000441875	9606.ENSP00000345731	41.79
9606.ENSP00000441875	9606.ENSP00000368030	53.33
9606.ENSP00000442464	10359.ICP27_HCMVM	42.0
9606.ENSP00000442464	10359.UL97_HCMVM	35.64
9606.ENSP00000442464	10359.VICA_HCMVM	46.15
9606.ENSP00000442464	10359.VIE2_HCMVM	48.08
9606.ENSP00000442464	9606.ENSP00000217244	62.07
9606.ENSP00000442464	9606.ENSP00000228284	52.17
9606.ENSP00000442464	9606.ENSP00000347733	51.28
9606.ENSP00000442464	9606.ENSP00000429084	53.85
9606.ENSP00000444408	9606.ENSP00000301071	81.82
9606.ENSP00000444408	9606.ENSP00000301072	81.82
9606.ENSP00000444408	9606.ENSP00000347733	47.46
9606.ENSP00000453076	9606.ENSP00000216455	39.29
9606.ENSP00000453076	9606.ENSP00000266000	60.0
9606.ENSP00000453076	9606.ENSP00000345216	60.0
9606.ENSP00000453076	9606.ENSP00000374212	45.45
9606.ENSP00000453076	9606.ENSP00000397552	47.22
9606.ENSP00000453076	9606.ENSP00000429084	59.26
9606.ENSP00000470652	10359.VIE2_HCMVM	44.74
9606.ENSP00000470652	9606.ENSP00000261769	54.55
9606.ENSP00000470652	9606.ENSP00000345216	47.37
9606.ENSP00000470652	9606.ENSP00000361202	85.71
9606.ENSP00000470652	9606.ENSP00000362824	51.11
9606.ENSP00000472847	10359.VIE2_HCMVM	60.0
9606.ENSP00000472847	9606.ENSP00000228284	54.55
9606.ENSP00000472847	9606.ENSP00000253792	76.47
9606.ENSP00000472847	9606.ENSP00000301764	50.0
9606.ENSP00000472847	9606.ENSP00000337853	47.37
9606.ENSP00000472847	9606.ENSP00000347733	51.19
9606.ENSP00000472847	9606.ENSP00000372023	51.52
9606.ENSP00000473172	9606.ENSP00000157812	50.0
9606.ENSP00000473172	9606.ENSP00000264710	61.29
9606.ENSP00000473172	9606.ENSP00000268058	48.89
9606.ENSP00000473172	9606.ENSP00000318297	66.01
9606.ENSP00000473172	9606.ENSP00000339001	48.48
9606.ENSP00000473172	9606.ENSP00000347733	48.21
9606.ENSP00000473172	9606.ENSP00000357113	58.33
9606.ENSP00000473172	9606.ENSP00000368030	44.74
9606.ENSP00000473172	9606.ENSP00000378350	63.16
9606.ENSP00000473172	9606.ENSP00000387286	64.52
9606.ENSP00000473172	9606.ENSP00000401802	51.11
9606.ENSP00000473172	9606.ENSP00000473172	100.0
